sales_id,Date of Purchase,Customer_id,Fuel,Premium,VEHICLE_SEGMENT,SellingPrice,Power_steering,airbags,sunroof,Matt_finish,music system,Customer_Gender,Customer_Income group,Customer_Region,Customer_Marital_status
12345,1/16/2018,400,CNG,958,A,958,0,0,0,1,1,Male,0- $25K,North,0
12346,01/04/18,401,CNG,1272,A,1272,1,0,0,0,1,Male,$25-$70K,South,0
12347,01/07/18,402,CNG,2150,A,2150,0,1,1,1,0,Male,>$70K,East,1
12348,01/07/18,403,CNG,2123,A,2123,1,0,1,1,1,Male,$25-$70K,West,1
12349,01/01/18,404,CNG,1110,A,1110,1,1,1,1,1,Male,$25-$70K,North,0
12350,1/22/2018,405,CNG,1571,A,1571,0,0,1,0,0,Male,$25-$70K,North,0
12351,1/19/2018,406,CNG,1030,A,1030,1,1,1,1,0,Male,$25-$70K,North,1
12352,1/23/2018,407,CNG,1732,A,1732,1,1,1,0,0,Male,$25-$70K,North,1
12353,01/01/18,408,CNG,2175,A,2175,0,0,1,0,1,Male,$25-$70K,North,0
12354,1/20/2018,409,CNG,1725,A,1725,0,0,0,1,0,Male,$25-$70K,North,0
12355,1/28/2018,410,CNG,1805,A,1805,0,1,0,1,0,Male,$25-$70K,North,1
12356,1/17/2018,411,CNG,1552,A,1552,1,1,0,0,1,Male,$25-$70K,North,0
12357,1/29/2018,412,CNG,1888,A,1888,0,1,1,1,1,Male,$25-$70K,North,0
12358,1/18/2018,413,CNG,1355,A,1355,1,0,0,1,0,Male,$25-$70K,North,0
12359,1/19/2018,414,CNG,2356,A,2356,0,0,0,0,1,Male,$25-$70K,North,1
12360,01/06/18,415,CNG,2102,A,2102,1,0,0,1,0,Male,$25-$70K,North,0
12361,1/27/2018,416,CNG,1258,A,1258,1,1,1,1,1,Male,$25-$70K,North,1
12362,1/21/2018,417,CNG,2326,A,2326,0,1,0,1,1,Male,$25-$70K,North,1
420,1/24/2018,418,CNG,584,A,584,1,1,1,1,0,Male,$25-$70K,North,1
12364,01/08/18,419,CNG,2397,A,2397,1,1,1,0,0,Male,$25-$70K,North,0
12365,1/23/2018,420,CNG,1493,A,1493,1,0,0,0,0,Male,$25-$70K,North,1
12366,01/02/18,420,CNG,661,A,661,0,1,1,0,0,Male,$25-$70K,North,1
12367,01/03/18,420,CNG,685,A,685,1,1,0,1,0,Male,$25-$70K,North,1
12368,01/08/18,420,CNG,1006,A,1006,1,1,1,1,1,Male,$25-$70K,North,0
12369,1/16/2018,420,CNG,1160,A,1160,1,0,0,1,1,Male,$25-$70K,North,0
12370,1/25/2018,420,CNG,1602,A,1602,0,0,0,1,1,Male,$25-$70K,North,1
12371,1/25/2018,420,CNG,2355,A,2355,0,1,1,1,1,Male,$25-$70K,North,0
12372,01/05/18,420,CNG,1921,A,1921,1,1,1,0,1,Male,$25-$70K,North,1
12373,1/21/2018,420,CNG,2200,A,2200,0,1,0,1,1,Male,$25-$70K,North,1
12374,1/27/2018,420,CNG,2357,A,2357,0,1,1,1,1,Male,$25-$70K,North,0
12375,1/22/2018,420,CNG,1047,A,1047,0,1,0,1,0,Male,$25-$70K,North,0
840,01/04/18,420,CNG,2089,A,2089,0,1,0,1,0,Male,$25-$70K,North,1
12377,1/15/2018,420,CNG,1780,A,1780,0,0,0,1,1,Male,$25-$70K,North,1
12378,1/26/2018,420,CNG,1035,A,1035,1,0,1,0,0,Male,$25-$70K,North,0
12379,1/29/2018,420,CNG,526,A,526,1,1,1,0,1,Male,$25-$70K,North,1
12380,1/20/2018,420,CNG,1827,A,1827,0,0,1,1,0,Male,$25-$70K,North,0
12381,1/24/2018,420,CNG,2003,A,2003,1,1,0,1,0,Male,$25-$70K,North,1
12382,01/08/18,420,CNG,1960,A,1960,0,1,1,1,1,Male,$25-$70K,North,1
12383,01/03/18,420,CNG,1197,A,1197,0,1,0,1,0,Male,$25-$70K,North,0
12384,1/21/2018,420,CNG,614,A,614,0,1,0,0,1,Male,$25-$70K,North,0
12385,01/09/18,420,CNG,568,A,568,1,1,1,0,0,Male,$25-$70K,North,0
12386,01/12/18,420,CNG,2149,A,2149,1,0,1,1,1,Male,$25-$70K,North,0
12387,1/27/2018,420,CNG,1797,A,1797,1,0,1,0,1,Male,$25-$70K,North,0
12388,1/14/2018,420,CNG,1246,A,1246,1,0,0,0,0,Male,$25-$70K,North,1
12389,1/24/2018,420,CNG,1295,A,1295,1,1,0,0,0,Male,$25-$70K,North,1
12390,1/21/2018,420,CNG,642,A,642,0,0,1,0,1,Male,$25-$70K,North,1
12391,01/06/18,420,CNG,1979,A,1979,1,1,1,1,1,Male,$25-$70K,North,1
12392,1/13/2018,420,CNG,2327,A,2327,0,0,1,1,1,Male,$25-$70K,North,1
12393,01/05/18,420,CNG,1025,A,1025,1,0,0,0,1,Male,$25-$70K,North,1
12394,1/23/2018,420,CNG,529,A,529,0,0,0,0,1,Male,$25-$70K,North,1
12395,1/16/2018,420,CNG,2072,A,2072,0,0,1,0,0,Male,$25-$70K,North,1
12396,1/18/2018,420,CNG,2103,A,2103,0,0,0,1,0,Male,$25-$70K,North,0
12397,1/15/2018,420,CNG,1929,A,1929,0,1,0,0,1,Male,$25-$70K,North,0
12398,1/13/2018,420,CNG,2143,A,2143,1,0,1,1,1,Male,$25-$70K,North,0
12399,01/11/18,420,CNG,2132,A,2132,0,0,0,1,0,Male,$25-$70K,North,0
12400,1/13/2018,420,CNG,1459,A,1459,1,0,0,0,0,Male,$25-$70K,North,1
12401,1/17/2018,420,CNG,1831,A,1831,1,1,0,0,0,Male,$25-$70K,North,1
12402,1/30/2018,420,CNG,1171,A,1171,1,1,1,0,0,Male,$25-$70K,North,0
12403,01/10/18,420,CNG,1692,A,1692,1,0,1,1,0,Male,$25-$70K,North,0
12404,01/11/18,420,CNG,1262,A,1262,0,1,1,0,1,Male,$25-$70K,North,1
12405,1/23/2018,420,CNG,2451,A,2451,0,1,0,0,0,Male,$25-$70K,North,1
12406,01/03/18,420,CNG,1906,A,1906,0,0,1,1,1,Male,$25-$70K,North,0
12407,1/24/2018,420,CNG,2095,A,2095,1,0,1,1,0,Male,$25-$70K,North,0
12408,1/20/2018,420,CNG,1597,A,1597,1,0,0,1,0,Male,$25-$70K,North,1
12409,1/15/2018,420,CNG,2362,A,2362,1,1,0,1,0,Male,$25-$70K,North,1
12410,1/17/2018,420,CNG,1612,A,1612,1,1,0,1,0,Male,$25-$70K,North,0
12411,1/19/2018,420,CNG,711,A,711,0,0,0,1,1,Male,$25-$70K,North,1
12412,1/29/2018,420,CNG,1771,A,1771,1,0,1,0,1,Male,$25-$70K,North,0
12413,1/20/2018,420,CNG,1301,A,1301,0,1,0,0,1,Male,$25-$70K,North,0
12414,1/16/2018,420,CNG,2411,A,2411,1,1,0,0,1,Male,$25-$70K,North,1
12415,01/10/18,420,CNG,1065,A,1065,0,1,0,0,1,Male,$25-$70K,North,1
12416,1/13/2018,420,CNG,2393,A,2393,1,1,1,1,0,Male,$25-$70K,North,1
12417,01/05/18,420,CNG,1837,A,1837,1,1,1,0,0,Male,$25-$70K,North,1
12418,01/01/18,420,CNG,1598,A,1598,0,0,1,0,0,Male,$25-$70K,North,1
12419,1/30/2018,420,CNG,1072,A,1072,1,0,1,0,1,Male,$25-$70K,North,1
12420,1/25/2018,420,CNG,591,A,591,0,0,1,0,0,Male,$25-$70K,North,0
12421,1/18/2018,420,CNG,1617,A,1617,1,1,1,0,1,Male,$25-$70K,North,0
12422,01/04/18,420,CNG,1174,A,1174,1,0,1,1,0,Male,$25-$70K,North,0
12423,1/28/2018,420,CNG,2241,A,2241,1,1,1,0,1,Male,$25-$70K,North,1
12424,1/31/2018,420,CNG,2248,A,2248,1,1,0,1,1,Male,$25-$70K,North,0
12425,1/27/2018,420,CNG,2121,A,2121,1,1,0,0,1,Male,$25-$70K,North,0
12426,1/25/2018,420,CNG,1994,A,1994,0,0,0,0,1,Male,$25-$70K,North,0
12427,01/01/18,420,CNG,2442,A,2442,1,1,0,0,0,Male,$25-$70K,North,1
12428,1/23/2018,420,CNG,1763,A,1763,0,1,1,0,0,Male,$25-$70K,North,0
12429,1/28/2018,420,CNG,1494,A,1494,0,0,0,1,1,Male,$25-$70K,North,1
12430,01/03/18,420,CNG,2039,A,2039,1,0,1,1,0,Male,$25-$70K,North,1
12431,1/27/2018,420,CNG,898,A,898,1,0,0,0,0,Male,$25-$70K,North,0
12432,01/12/18,420,CNG,823,A,823,0,0,1,1,0,Male,$25-$70K,North,0
12433,01/11/18,420,CNG,1144,A,1144,0,1,0,0,0,Male,$25-$70K,North,1
12434,1/23/2018,420,CNG,1051,A,1051,0,0,1,0,0,Male,$25-$70K,North,1
12435,01/10/18,420,CNG,1212,A,1212,0,0,1,0,0,Male,$25-$70K,North,1
12436,1/13/2018,420,CNG,1829,A,1829,0,1,1,0,0,Male,$25-$70K,North,1
12437,1/15/2018,420,CNG,1548,A,1548,0,0,0,1,0,Male,$25-$70K,North,0
12438,01/06/18,420,CNG,1663,A,1663,1,1,0,1,1,Male,$25-$70K,North,0
12439,1/23/2018,420,CNG,1313,A,1313,0,0,0,1,1,Male,$25-$70K,North,0
12440,01/04/18,420,CNG,1915,A,1915,1,1,1,0,0,Male,$25-$70K,North,1
12441,01/08/18,420,CNG,1888,A,1888,0,0,0,1,1,Male,$25-$70K,North,0
12442,1/19/2018,420,CNG,694,A,694,1,1,1,0,0,Male,$25-$70K,North,0
12443,01/05/18,420,CNG,637,A,637,0,0,1,1,0,Male,$25-$70K,North,0
12444,02/10/18,420,CNG,1959,A,1959,1,1,0,0,1,Male,$25-$70K,North,0
12445,02/08/18,420,CNG,1673,A,1673,0,1,1,1,1,Male,$25-$70K,North,1
12446,02/01/18,420,CNG,934,A,934,1,0,1,0,1,Male,$25-$70K,North,1
12447,2/23/2018,420,CNG,2391,A,2391,1,0,0,1,0,Male,$25-$70K,North,1
12448,2/20/2018,420,CNG,2246,A,2246,1,0,0,1,0,Male,$25-$70K,North,0
12449,02/03/18,420,CNG,1328,A,1328,0,1,1,0,0,Male,$25-$70K,North,1
12450,2/13/2018,420,CNG,2455,A,2455,1,1,1,1,1,Male,$25-$70K,North,0
12451,2/25/2018,420,CNG,1611,A,1611,0,1,0,1,0,Male,$25-$70K,North,0
12452,02/03/18,420,CNG,2256,A,2256,1,0,0,1,0,Male,$25-$70K,North,0
12453,2/26/2018,420,CNG,1284,A,1284,0,0,0,0,0,Male,$25-$70K,North,1
12454,02/05/18,420,CNG,2067,A,2067,1,1,0,1,0,Male,$25-$70K,North,1
12455,02/11/18,420,CNG,1477,A,1477,1,0,0,1,0,Male,$25-$70K,North,1
12456,2/18/2018,420,CNG,865,A,865,0,0,0,0,1,Male,$25-$70K,North,1
12457,02/01/18,420,CNG,1662,A,1662,0,0,0,1,1,Male,$25-$70K,North,1
12458,02/03/18,420,CNG,1870,A,1870,0,0,0,0,0,Male,$25-$70K,North,0
12459,02/05/18,420,CNG,626,A,626,1,1,1,1,0,Male,$25-$70K,North,0
12460,02/11/18,420,CNG,1658,A,1658,1,0,1,1,0,Male,$25-$70K,North,0
12461,2/16/2018,420,CNG,1168,A,1168,0,1,0,1,1,Male,$25-$70K,North,1
12462,02/02/18,420,CNG,1083,A,1083,0,0,1,1,0,Male,$25-$70K,North,0
12463,02/06/18,420,CNG,2253,A,2253,0,1,0,1,0,Male,$25-$70K,North,1
12464,02/05/18,420,CNG,708,A,708,1,1,1,0,1,Male,$25-$70K,North,1
12465,2/14/2018,420,CNG,2254,A,2254,1,1,0,1,0,Male,$25-$70K,North,0
12466,2/15/2018,420,CNG,1092,A,1092,0,1,0,0,1,Male,$25-$70K,North,0
12467,2/26/2018,420,CNG,778,A,778,1,0,0,0,1,Male,$25-$70K,North,1
12468,2/15/2018,420,CNG,1041,A,1041,0,0,1,1,1,Male,$25-$70K,North,0
12469,02/03/18,420,CNG,2310,A,2310,0,0,1,1,0,Male,$25-$70K,North,0
12470,2/25/2018,420,CNG,2339,A,2339,1,1,1,1,0,Male,$25-$70K,North,1
12471,02/12/18,420,CNG,2218,A,2218,0,0,1,0,1,Male,$25-$70K,North,1
12472,02/11/18,420,CNG,1628,A,1628,1,1,0,0,1,Male,$25-$70K,North,0
12473,2/16/2018,420,CNG,850,A,850,1,0,1,1,0,Male,$25-$70K,North,0
12474,2/14/2018,420,CNG,618,A,618,0,1,0,1,1,Male,$25-$70K,North,1
12475,2/22/2018,420,CNG,2128,A,2128,0,0,0,1,0,Male,$25-$70K,North,1
12476,2/16/2018,420,CNG,1213,A,1213,1,0,0,1,1,Male,$25-$70K,North,1
12477,02/04/18,420,CNG,749,A,749,1,0,1,0,1,Male,$25-$70K,North,1
12478,2/14/2018,420,CNG,2420,A,2420,0,0,1,0,1,Male,$25-$70K,North,1
12479,02/08/18,420,CNG,1231,A,1231,0,1,0,1,0,Male,$25-$70K,North,0
12480,2/27/2018,420,CNG,510,A,510,0,1,0,0,1,Male,$25-$70K,North,1
12481,2/14/2018,420,CNG,2376,A,2376,0,1,1,0,1,Male,$25-$70K,North,0
12482,2/27/2018,420,CNG,1746,A,1746,1,1,0,1,0,Male,$25-$70K,North,1
12483,2/21/2018,420,CNG,1533,A,1533,0,0,0,0,1,Male,$25-$70K,North,0
12484,2/19/2018,420,CNG,901,A,901,1,1,1,0,0,Male,$25-$70K,North,0
12485,02/04/18,420,CNG,2021,A,2021,0,0,1,1,0,Male,$25-$70K,North,1
12486,2/22/2018,420,CNG,1570,A,1570,0,0,0,0,1,Male,$25-$70K,North,1
12487,2/19/2018,420,CNG,2338,A,2338,0,0,1,1,0,Male,$25-$70K,North,0
12488,02/10/18,420,CNG,1065,A,1065,0,0,1,0,1,Male,$25-$70K,North,1
12489,2/14/2018,420,CNG,2227,A,2227,0,1,0,0,0,Male,$25-$70K,North,1
12490,2/16/2018,420,CNG,1721,A,1721,1,0,0,0,0,Male,$25-$70K,North,0
12491,02/05/18,420,CNG,1914,A,1914,0,0,1,1,0,Male,$25-$70K,North,1
12492,02/10/18,420,CNG,1149,A,1149,0,0,0,0,0,Male,$25-$70K,North,0
12493,2/20/2018,420,CNG,2033,A,2033,0,0,1,1,1,Male,$25-$70K,North,0
12494,2/22/2018,420,CNG,2025,A,2025,0,0,0,1,0,Male,$25-$70K,North,0
12495,02/12/18,420,CNG,743,A,743,1,0,1,0,0,Male,$25-$70K,North,0
12496,2/18/2018,420,CNG,1044,A,1044,1,0,1,0,1,Male,$25-$70K,North,1
12497,2/25/2018,420,CNG,1404,A,1404,1,0,1,0,0,Male,$25-$70K,North,1
12498,2/22/2018,420,CNG,1569,A,1569,1,1,1,0,0,Male,$25-$70K,North,1
12499,02/01/18,420,CNG,1477,A,1477,1,0,1,0,1,Male,$25-$70K,North,0
12500,2/17/2018,420,CNG,1464,A,1464,1,1,0,1,1,Male,$25-$70K,North,0
12501,2/20/2018,420,CNG,2487,A,2487,1,1,0,0,1,Male,$25-$70K,North,1
12502,2/15/2018,420,CNG,2205,A,2205,0,1,1,1,0,Male,$25-$70K,North,0
12503,02/06/18,420,CNG,2148,A,2148,0,0,1,0,1,Male,$25-$70K,North,0
12504,2/25/2018,420,CNG,2006,A,2006,1,1,0,1,0,Male,$25-$70K,North,1
12505,2/27/2018,420,CNG,2168,A,2168,1,1,0,0,1,Male,$25-$70K,North,1
12506,02/02/18,420,CNG,1574,A,1574,0,1,1,0,0,Male,$25-$70K,North,0
12507,02/02/18,420,CNG,1764,A,1764,1,0,0,1,1,Male,$25-$70K,North,0
12508,02/06/18,420,CNG,2484,A,2484,1,1,1,1,0,Male,$25-$70K,North,1
12509,02/06/18,420,CNG,640,A,640,1,0,1,1,0,Male,$25-$70K,North,0
12510,02/12/18,420,CNG,663,A,663,0,0,1,1,0,Male,$25-$70K,North,1
12511,2/22/2018,420,CNG,1504,A,1504,0,0,0,0,0,Male,$25-$70K,North,1
12512,2/17/2018,420,CNG,1908,A,1908,0,1,0,1,1,Male,$25-$70K,North,1
12513,02/08/18,420,CNG,519,A,519,0,0,0,0,1,Male,$25-$70K,North,1
12514,02/05/18,420,CNG,1475,A,1475,1,1,1,1,0,Male,$25-$70K,North,1
12515,2/27/2018,420,CNG,1663,A,1663,1,0,1,1,0,Male,$25-$70K,North,0
12516,2/14/2018,420,CNG,1179,A,1179,0,1,0,0,0,Male,$25-$70K,North,1
12517,2/17/2018,420,CNG,898,A,898,0,1,1,0,1,Male,$25-$70K,North,1
12518,02/08/18,420,CNG,641,A,641,1,0,1,1,0,Male,$25-$70K,North,0
12519,2/24/2018,420,CNG,1002,A,1002,0,0,1,0,0,Male,$25-$70K,North,1
12520,2/25/2018,420,CNG,2253,A,2253,1,0,1,1,1,Male,$25-$70K,North,1
12521,02/10/18,420,CNG,1100,A,1100,1,0,0,1,1,Male,$25-$70K,North,1
12522,2/19/2018,420,CNG,2316,A,2316,0,1,1,1,1,Male,$25-$70K,North,1
12523,2/14/2018,420,CNG,2387,A,2387,1,0,1,1,1,Male,$25-$70K,North,1
12524,2/21/2018,420,CNG,2193,A,2193,0,1,0,1,0,Male,$25-$70K,North,1
12525,2/22/2018,420,CNG,2484,A,2484,1,0,0,0,1,Male,$25-$70K,North,1
12526,2/24/2018,420,CNG,1835,A,1835,0,0,1,1,1,Male,$25-$70K,North,0
12527,2/13/2018,420,CNG,2310,A,2310,0,0,1,1,0,Male,$25-$70K,North,1
12528,02/06/18,420,CNG,545,A,545,1,1,0,0,0,Male,$25-$70K,North,1
12529,2/21/2018,420,CNG,1924,A,1924,1,0,0,1,1,Male,$25-$70K,North,1
12530,02/12/18,420,CNG,615,A,615,1,1,1,0,0,Male,$25-$70K,North,0
12531,02/02/18,420,CNG,727,A,727,1,1,1,0,1,Male,$25-$70K,North,1
12532,02/10/18,420,CNG,685,A,685,0,1,0,1,1,Male,$25-$70K,North,0
12533,02/02/18,420,CNG,2390,A,2390,0,0,1,1,1,Male,$25-$70K,North,1
12534,2/24/2018,420,CNG,709,A,709,1,0,1,0,1,Male,$25-$70K,North,0
12535,2/27/2018,420,CNG,910,A,910,0,1,1,0,0,Male,$25-$70K,North,0
12536,2/19/2018,420,CNG,1030,A,1030,0,1,1,0,0,Male,$25-$70K,North,0
12537,2/16/2018,420,CNG,1538,A,1538,1,0,1,1,1,Male,$25-$70K,North,1
12538,2/17/2018,420,CNG,600,A,600,0,1,1,0,0,Male,$25-$70K,North,1
12539,2/21/2018,420,CNG,540,A,540,1,1,0,0,1,Male,$25-$70K,North,1
12540,2/16/2018,420,CNG,997,A,997,1,1,1,0,0,Male,$25-$70K,North,0
12541,02/11/18,420,CNG,2086,A,2086,0,0,0,1,1,Male,$25-$70K,North,1
12542,2/15/2018,420,CNG,2491,A,2491,1,0,0,1,0,Male,$25-$70K,North,1
12543,2/22/2018,420,CNG,651,A,651,1,1,1,0,1,Male,$25-$70K,North,1
12544,2/23/2018,420,CNG,1359,A,1359,1,1,1,1,0,Male,$25-$70K,North,0
12545,3/22/2018,420,CNG,1109,A,1109,1,0,1,0,1,Male,$25-$70K,North,1
12546,3/23/2018,420,CNG,2347,A,2347,1,1,1,1,0,Male,$25-$70K,North,1
12547,3/18/2018,420,CNG,966,A,966,0,0,1,1,1,Male,$25-$70K,North,1
12548,03/07/18,420,CNG,935,A,935,0,1,0,1,0,Male,$25-$70K,North,0
12549,3/27/2018,420,CNG,2191,A,2191,0,1,0,0,0,Male,$25-$70K,North,1
12550,3/18/2018,420,CNG,1245,A,1245,0,1,0,1,0,Male,$25-$70K,North,0
12551,03/05/18,420,CNG,2448,A,2448,0,0,1,1,0,Male,$25-$70K,North,0
12552,3/29/2018,420,CNG,525,A,525,0,1,1,0,1,Male,$25-$70K,North,0
12553,03/02/18,420,CNG,1214,A,1214,1,0,0,1,1,Male,$25-$70K,North,0
12554,03/10/18,420,CNG,836,A,836,1,1,0,1,0,Male,$25-$70K,North,1
12555,03/03/18,420,CNG,525,A,525,1,1,0,0,0,Male,$25-$70K,North,1
12556,3/27/2018,420,CNG,1640,A,1640,0,1,0,0,0,Male,$25-$70K,North,1
12557,03/02/18,420,CNG,554,A,554,1,0,0,0,0,Male,$25-$70K,North,0
12558,3/20/2018,420,CNG,599,A,599,0,1,1,1,0,Male,$25-$70K,North,1
12559,3/30/2018,420,CNG,1269,A,1269,1,1,1,1,0,Male,$25-$70K,North,0
12560,3/24/2018,420,CNG,838,A,838,1,0,0,1,1,Male,$25-$70K,North,0
12561,3/18/2018,420,CNG,745,A,745,1,0,1,0,1,Male,$25-$70K,North,1
12562,3/28/2018,420,CNG,1349,A,1349,1,0,1,1,0,Male,$25-$70K,North,1
12563,3/22/2018,420,CNG,646,A,646,1,0,0,1,0,Male,$25-$70K,North,1
12564,03/01/18,420,CNG,1322,A,1322,1,1,1,1,0,Male,$25-$70K,North,1
12565,3/30/2018,420,CNG,1050,A,1050,0,0,1,0,0,Male,$25-$70K,North,1
12566,3/23/2018,420,CNG,2114,A,2114,0,1,0,0,0,Male,$25-$70K,North,1
12567,3/23/2018,420,CNG,1674,A,1674,0,0,1,1,1,Male,$25-$70K,North,1
12568,3/30/2018,420,CNG,690,A,690,1,1,1,1,0,Male,$25-$70K,North,1
12569,3/23/2018,420,CNG,1679,A,1679,1,0,1,0,0,Male,$25-$70K,North,0
12570,03/10/18,420,CNG,1634,A,1634,1,0,1,1,1,Male,$25-$70K,North,1
12571,3/18/2018,420,CNG,1241,A,1241,1,1,1,0,1,Male,$25-$70K,North,0
12572,03/11/18,420,CNG,774,A,774,1,1,1,0,0,Male,$25-$70K,North,1
12573,3/15/2018,420,CNG,1049,A,1049,1,0,1,1,0,Male,$25-$70K,North,0
12574,03/05/18,420,CNG,697,A,697,0,0,0,1,1,Male,$25-$70K,North,1
12575,03/10/18,420,CNG,653,A,653,0,1,0,0,0,Male,$25-$70K,North,1
12576,03/10/18,420,CNG,1908,A,1908,1,0,0,1,0,Male,$25-$70K,North,0
12577,3/14/2018,420,CNG,2445,A,2445,0,0,1,0,1,Male,$25-$70K,North,1
12578,3/21/2018,420,CNG,613,A,613,1,0,1,0,1,Male,$25-$70K,North,0
12579,3/21/2018,420,CNG,1560,A,1560,1,0,1,1,1,Male,$25-$70K,North,1
12580,3/22/2018,420,CNG,1651,A,1651,0,1,0,0,1,Male,$25-$70K,North,0
12581,03/03/18,420,CNG,2490,A,2490,1,1,1,0,1,Male,$25-$70K,North,0
12582,03/10/18,420,CNG,1669,A,1669,0,0,1,0,0,Male,$25-$70K,North,1
12583,03/09/18,420,CNG,1774,A,1774,1,0,1,0,0,Male,$25-$70K,North,1
12584,3/28/2018,420,CNG,1556,A,1556,1,0,1,1,0,Male,$25-$70K,North,1
12585,03/08/18,420,CNG,890,A,890,1,1,1,0,0,Male,$25-$70K,North,1
12586,03/09/18,420,CNG,1169,A,1169,0,0,0,1,1,Male,$25-$70K,North,1
12587,3/20/2018,420,CNG,1479,A,1479,0,0,1,1,1,Male,$25-$70K,North,0
12588,3/25/2018,420,CNG,1103,A,1103,0,0,0,0,1,Male,$25-$70K,North,0
12589,3/25/2018,420,CNG,1747,A,1747,1,1,1,1,0,Male,$25-$70K,North,0
12590,3/22/2018,420,CNG,2047,A,2047,1,1,1,0,0,Male,$25-$70K,North,1
12591,03/08/18,420,CNG,878,A,878,1,1,1,1,0,Male,$25-$70K,North,0
12592,3/25/2018,420,CNG,2073,A,2073,1,1,0,1,0,Male,$25-$70K,North,1
12593,03/04/18,420,CNG,519,A,519,0,1,1,0,0,Male,$25-$70K,North,0
12594,3/21/2018,420,CNG,1215,A,1215,1,1,0,0,0,Male,$25-$70K,North,0
12595,3/25/2018,420,CNG,1821,A,1821,0,1,1,0,0,Male,$25-$70K,North,0
12596,12/26/2018,420,CNG,598,A,598,1,0,1,1,0,Male,$25-$70K,North,1
12597,12/10/18,420,CNG,1768,A,1768,0,0,0,1,0,Male,$25-$70K,North,0
12598,12/10/18,420,CNG,1821,A,1821,1,0,0,1,0,Male,$25-$70K,North,0
12599,12/27/2018,420,CNG,2093,A,2093,0,0,1,0,0,Male,$25-$70K,North,0
12600,12/01/18,420,CNG,727,A,727,0,1,1,0,1,Male,$25-$70K,North,0
12601,12/23/2018,420,CNG,2038,A,2038,1,1,0,0,0,Male,$25-$70K,North,0
12602,12/26/2018,420,CNG,1830,A,1830,1,1,0,1,0,Male,$25-$70K,North,1
12603,12/25/2018,420,CNG,1607,A,1607,0,1,0,1,0,Male,$25-$70K,North,0
12604,12/06/18,420,CNG,1591,A,1591,1,0,0,1,1,Male,$25-$70K,North,0
12605,12/20/2018,420,CNG,856,A,856,1,1,0,0,1,Male,$25-$70K,North,0
12606,12/25/2018,420,CNG,2135,A,2135,1,0,0,1,1,Male,$25-$70K,North,0
12607,12/30/2018,420,CNG,854,A,854,1,1,0,0,0,Male,$25-$70K,North,1
12608,12/07/18,420,CNG,2202,A,2202,1,0,1,0,1,Male,$25-$70K,North,0
12609,12/01/18,420,CNG,1282,A,1282,0,0,1,1,1,Male,$25-$70K,North,0
12610,12/01/18,420,CNG,1975,A,1975,1,1,0,1,0,Male,$25-$70K,North,0
12611,12/12/18,420,CNG,1390,A,1390,1,0,1,0,1,Male,$25-$70K,North,0
12612,12/19/2018,420,CNG,642,A,642,0,1,1,0,0,Male,$25-$70K,North,1
12613,12/09/18,420,CNG,1453,A,1453,1,0,0,0,1,Male,$25-$70K,North,0
12614,12/11/18,420,CNG,2031,A,2031,0,0,0,1,1,Male,$25-$70K,North,0
12615,12/06/18,420,CNG,2212,A,2212,1,0,0,1,0,Male,$25-$70K,North,0
12616,12/03/18,420,CNG,902,A,902,0,0,1,1,1,Male,$25-$70K,North,1
12617,12/28/2018,420,CNG,2365,A,2365,0,1,1,0,1,Male,$25-$70K,North,0
12618,12/25/2018,420,CNG,733,A,733,1,1,1,0,0,Male,$25-$70K,North,0
12619,12/09/18,420,CNG,2266,A,2266,1,1,0,0,1,Male,$25-$70K,North,1
12620,3/17/2018,420,CNG,2373,A,2373,1,1,0,1,0,Male,$25-$70K,North,1
12621,03/03/18,420,CNG,776,A,776,1,0,0,0,0,Male,$25-$70K,North,1
12622,3/28/2018,420,CNG,1729,A,1729,1,1,0,0,0,Male,$25-$70K,North,1
12623,3/30/2018,420,CNG,2437,A,2437,0,1,1,1,1,Male,$25-$70K,North,0
12624,3/26/2018,420,CNG,1173,A,1173,0,0,0,0,1,Male,$25-$70K,North,0
12625,03/01/18,420,CNG,751,A,751,0,1,1,1,1,Male,$25-$70K,North,1
12626,3/21/2018,420,CNG,2499,A,2499,1,1,0,0,0,Male,$25-$70K,North,1
12627,3/23/2018,420,CNG,2292,A,2292,1,0,0,0,0,Male,$25-$70K,North,0
12628,03/08/18,420,CNG,1359,A,1359,0,0,1,0,1,Male,$25-$70K,North,1
12629,03/08/18,420,CNG,613,A,613,0,0,1,0,0,Male,$25-$70K,North,1
12630,3/26/2018,420,CNG,694,A,694,1,1,1,1,0,Male,$25-$70K,North,0
12631,3/21/2018,420,CNG,585,A,585,1,0,1,0,0,Male,$25-$70K,North,1
12632,03/01/18,420,CNG,1965,A,1965,0,1,0,0,0,Male,$25-$70K,North,1
12633,03/10/18,420,CNG,1414,A,1414,0,0,0,0,0,Male,$25-$70K,North,1
12634,3/16/2018,420,CNG,1015,A,1015,0,0,1,0,0,Male,$25-$70K,North,0
12635,3/28/2018,420,CNG,1074,A,1074,0,0,1,0,0,Male,$25-$70K,North,0
12636,3/24/2018,420,CNG,1583,A,1583,1,1,0,0,1,Male,$25-$70K,North,0
12637,03/11/18,420,CNG,873,A,873,0,0,0,0,0,Male,$25-$70K,North,0
12638,03/03/18,420,CNG,1650,A,1650,0,1,0,1,1,Male,$25-$70K,North,1
12639,3/24/2018,420,CNG,2104,A,2104,1,1,1,1,0,Male,$25-$70K,North,0
12640,3/16/2018,420,CNG,1328,A,1328,0,0,1,1,1,Male,$25-$70K,North,0
12641,3/20/2018,420,CNG,2390,A,2390,1,0,0,0,0,Male,$25-$70K,North,0
12642,03/11/18,420,CNG,948,A,948,0,0,1,0,0,Male,$25-$70K,North,0
12643,03/06/18,420,CNG,1116,A,1116,1,1,1,0,0,Male,$25-$70K,North,1
12644,03/02/18,420,CNG,1101,A,1101,1,0,0,1,1,Male,$25-$70K,North,1
12645,4/24/2018,420,CNG,1302,A,1302,1,1,0,1,1,Male,$25-$70K,North,1
12646,04/04/18,420,CNG,1895,A,1895,0,1,0,1,1,Male,$25-$70K,North,0
12647,4/24/2018,420,CNG,1601,A,1601,0,1,0,0,0,Male,$25-$70K,North,0
12648,4/24/2018,420,CNG,1110,A,1110,1,0,1,0,1,Male,$25-$70K,North,0
12649,04/06/18,420,CNG,2049,A,2049,1,0,1,0,1,Male,$25-$70K,North,1
12650,4/17/2018,420,CNG,598,A,598,1,0,0,1,0,Male,$25-$70K,North,0
12651,4/28/2018,420,CNG,1023,A,1023,0,1,0,0,1,Male,$25-$70K,North,0
12652,04/12/18,420,CNG,1638,A,1638,1,1,0,1,1,Male,$25-$70K,North,1
12653,04/11/18,420,CNG,2076,A,2076,1,1,0,0,1,Male,$25-$70K,North,0
12654,4/25/2018,420,CNG,738,A,738,0,1,1,1,0,Male,$25-$70K,North,0
12655,4/13/2018,420,CNG,1869,A,1869,0,0,1,0,0,Male,$25-$70K,North,1
12656,4/22/2018,420,CNG,2455,A,2455,1,0,0,1,1,Male,$25-$70K,North,1
12657,04/06/18,420,CNG,1506,A,1506,0,0,1,1,0,Male,$25-$70K,North,0
12658,4/19/2018,420,CNG,1615,A,1615,1,0,0,1,0,Male,$25-$70K,North,0
12659,4/23/2018,420,CNG,2399,A,2399,1,0,0,1,0,Male,$25-$70K,North,0
12660,4/16/2018,420,CNG,761,A,761,0,1,0,0,0,Male,$25-$70K,North,1
12661,4/19/2018,420,CNG,1553,A,1553,1,0,0,1,1,Male,$25-$70K,North,0
12662,4/19/2018,420,CNG,1873,A,1873,0,1,1,0,0,Male,$25-$70K,North,0
12663,4/24/2018,420,CNG,2190,A,2190,0,1,1,1,1,Male,$25-$70K,North,1
12664,4/22/2018,420,CNG,1150,A,1150,1,0,0,0,0,Male,$25-$70K,North,1
12665,04/06/18,420,CNG,2495,A,2495,1,1,1,1,1,Male,$25-$70K,North,1
12666,04/10/18,420,CNG,1211,A,1211,1,0,1,1,0,Male,$25-$70K,North,0
12667,4/22/2018,420,CNG,1944,A,1944,0,0,0,0,0,Male,$25-$70K,North,0
12668,04/06/18,420,CNG,795,A,795,0,1,1,0,1,Male,$25-$70K,North,0
12669,4/23/2018,420,CNG,1726,A,1726,0,1,1,1,1,Male,$25-$70K,North,1
12670,4/26/2018,420,CNG,1412,A,1412,1,0,0,1,1,Male,$25-$70K,North,0
12671,4/19/2018,420,CNG,681,A,681,1,0,1,1,0,Male,$25-$70K,North,1
12672,04/08/18,420,CNG,1428,A,1428,1,1,0,0,0,Male,$25-$70K,North,1
12673,04/08/18,420,CNG,1891,A,1891,1,0,0,1,1,Male,$25-$70K,North,1
12674,04/11/18,420,CNG,621,A,621,1,1,0,0,1,Male,$25-$70K,North,0
12675,04/12/18,420,CNG,1475,A,1475,0,0,0,1,0,Male,$25-$70K,North,1
12676,4/29/2018,420,CNG,2205,A,2205,0,1,0,1,1,Male,$25-$70K,North,1
12677,4/25/2018,420,CNG,555,A,555,1,0,0,1,0,Male,$25-$70K,North,0
12678,4/18/2018,420,CNG,2437,A,2437,0,1,0,1,1,Male,$25-$70K,North,1
12679,4/26/2018,420,CNG,1837,A,1837,0,0,1,1,1,Male,$25-$70K,North,0
12680,04/05/18,420,CNG,1798,A,1798,1,0,1,0,1,Male,$25-$70K,North,0
12681,4/28/2018,420,CNG,1759,A,1759,0,0,0,1,0,Male,$25-$70K,North,0
12682,04/07/18,420,CNG,2125,A,2125,0,0,1,0,0,Male,$25-$70K,North,1
12683,04/01/18,420,CNG,1429,A,1429,0,1,0,1,1,Male,$25-$70K,North,1
12684,4/27/2018,420,CNG,548,A,548,1,0,1,1,1,Male,$25-$70K,North,0
12685,04/07/18,420,CNG,2081,A,2081,1,1,1,0,0,Male,$25-$70K,North,0
12686,4/17/2018,420,CNG,940,A,940,1,0,0,0,1,Male,$25-$70K,North,1
12687,4/20/2018,420,CNG,1835,A,1835,1,1,1,0,1,Male,$25-$70K,North,1
12688,4/14/2018,420,CNG,744,A,744,1,0,0,0,1,Male,$25-$70K,North,0
12689,4/15/2018,420,CNG,1193,A,1193,0,0,1,0,1,Male,$25-$70K,North,1
12690,04/05/18,420,CNG,1328,A,1328,0,0,0,0,1,Male,$25-$70K,North,1
12691,04/10/18,420,CNG,1752,A,1752,1,1,1,1,1,Male,$25-$70K,North,1
12692,4/23/2018,420,CNG,614,A,614,1,0,0,1,1,Male,$25-$70K,North,0
12693,4/28/2018,420,CNG,644,A,644,0,0,1,0,1,Male,$25-$70K,North,0
12694,04/03/18,420,CNG,2362,A,2362,0,1,1,0,0,Male,$25-$70K,North,0
12695,4/21/2018,420,CNG,1450,A,1450,1,0,0,0,0,Male,$25-$70K,North,0
12696,04/02/18,420,CNG,2032,A,2032,0,1,1,0,0,Male,$25-$70K,North,1
12697,04/12/18,420,CNG,516,A,516,0,0,0,0,0,Male,$25-$70K,North,0
12698,4/30/2018,420,CNG,513,A,513,0,1,1,0,0,Male,$25-$70K,North,0
12699,4/25/2018,420,CNG,677,A,677,1,1,1,1,1,Male,$25-$70K,North,0
12700,4/23/2018,755,CNG,2050,A,2050,1,0,0,1,1,Male,$25-$70K,North,1
12701,04/10/18,756,CNG,785,A,785,0,1,0,1,0,Male,$25-$70K,North,0
12702,04/12/18,757,CNG,1770,A,1770,1,1,0,0,1,Male,$25-$70K,North,0
12703,04/03/18,758,CNG,2437,A,2437,0,0,1,0,1,Male,$25-$70K,North,1
12704,4/14/2018,759,CNG,595,A,595,0,0,1,1,0,Male,$25-$70K,North,1
12705,4/17/2018,760,CNG,1868,A,1868,1,1,0,1,0,Male,$25-$70K,North,1
12706,04/01/18,761,CNG,1300,A,1300,0,1,0,0,1,Male,$25-$70K,North,0
12707,4/26/2018,762,CNG,1830,A,1830,0,0,1,1,0,Male,$25-$70K,North,1
12708,04/04/18,763,CNG,1893,A,1893,0,1,1,1,0,Male,$25-$70K,South,0
12709,4/29/2018,764,CNG,1256,A,1256,0,1,1,0,0,Male,$25-$70K,South,1
12710,4/29/2018,765,CNG,839,A,839,1,0,0,1,0,Male,$25-$70K,South,1
12711,4/16/2018,766,CNG,1954,A,1954,0,0,0,1,0,Male,$25-$70K,South,1
12712,04/12/18,767,CNG,2001,A,2001,1,1,0,0,0,Male,$25-$70K,South,1
12713,04/04/18,768,CNG,1375,A,1375,1,1,1,1,1,Male,$25-$70K,South,0
12714,4/25/2018,769,CNG,1134,A,1134,0,0,0,0,1,Male,$25-$70K,South,1
12715,4/25/2018,770,CNG,2239,A,2239,0,0,0,0,0,Male,$25-$70K,South,0
12716,4/15/2018,771,CNG,2445,A,2445,1,0,0,1,0,Male,$25-$70K,South,1
12717,4/13/2018,772,CNG,1095,A,1095,0,0,0,0,1,Male,$25-$70K,South,0
12718,4/30/2018,773,CNG,2326,A,2326,1,0,1,0,0,Male,$25-$70K,South,0
12719,04/06/18,774,CNG,1169,A,1169,0,0,0,1,0,Male,$25-$70K,South,0
12720,4/22/2018,775,CNG,1186,A,1186,1,0,0,0,1,Male,$25-$70K,South,1
12721,04/11/18,776,CNG,1362,A,1362,0,1,0,0,0,Male,$25-$70K,South,0
12722,4/28/2018,777,CNG,1091,A,1091,0,1,0,1,0,Male,$25-$70K,South,0
12723,4/17/2018,778,CNG,1133,A,1133,0,0,0,1,0,Male,$25-$70K,South,1
12724,4/22/2018,779,CNG,1657,A,1657,1,1,0,1,0,Male,$25-$70K,South,0
12725,4/17/2018,780,CNG,1265,A,1265,0,0,0,0,0,Male,$25-$70K,South,1
12726,4/14/2018,781,CNG,2162,A,2162,1,0,0,0,0,Male,$25-$70K,South,1
12727,4/28/2018,782,CNG,1675,A,1675,0,1,1,1,0,Male,$25-$70K,South,0
12728,04/08/18,783,CNG,1066,A,1066,1,1,1,0,1,Male,$25-$70K,South,1
12729,04/06/18,784,CNG,1008,A,1008,1,0,0,1,1,Male,$25-$70K,South,1
12730,4/14/2018,785,CNG,508,A,508,0,0,1,1,0,Male,$25-$70K,South,0
12731,4/25/2018,786,CNG,708,A,708,1,0,0,1,0,Male,$25-$70K,South,1
12732,04/10/18,787,CNG,2129,A,2129,1,1,1,1,1,Male,$25-$70K,South,0
12733,04/12/18,788,CNG,1633,A,1633,0,1,0,1,1,Male,$25-$70K,South,0
12734,04/07/18,789,CNG,954,A,954,1,1,1,0,0,Male,$25-$70K,South,0
12735,04/06/18,790,CNG,1413,A,1413,1,1,1,1,0,Male,$25-$70K,South,1
12736,4/18/2018,791,CNG,1674,A,1674,0,0,1,0,1,Male,$25-$70K,South,0
12737,04/03/18,792,CNG,2246,A,2246,1,1,0,0,1,Male,$25-$70K,South,0
12738,4/23/2018,793,CNG,1700,A,1700,0,1,0,1,1,Male,$25-$70K,South,0
12739,04/07/18,794,CNG,782,A,782,1,1,1,1,1,Male,$25-$70K,South,0
12740,04/05/18,795,CNG,2069,A,2069,0,0,1,0,1,Male,$25-$70K,South,1
12741,04/02/18,796,CNG,1932,A,1932,1,1,1,0,0,Male,$25-$70K,South,0
12742,4/23/2018,797,CNG,1389,A,1389,1,1,0,1,0,Male,$25-$70K,South,0
12743,04/05/18,798,CNG,1378,A,1378,0,0,0,1,1,Male,$25-$70K,South,1
12744,4/24/2018,799,CNG,1142,A,1142,1,1,1,0,0,Male,$25-$70K,South,1
12745,04/11/18,800,CNG,1305,A,1305,1,1,0,1,0,Male,$25-$70K,South,1
12746,4/27/2018,801,CNG,790,A,790,1,0,1,1,1,Male,$25-$70K,South,1
12747,4/30/2018,802,CNG,811,A,811,0,1,1,0,0,Male,$25-$70K,South,1
12748,4/26/2018,803,CNG,1860,A,1860,0,1,0,1,1,Male,$25-$70K,South,1
12749,04/06/18,804,CNG,1858,A,1858,0,1,0,0,0,Male,$25-$70K,South,0
12750,4/16/2018,805,CNG,1981,A,1981,1,0,1,1,1,Male,$25-$70K,South,0
12751,04/11/18,806,CNG,1654,A,1654,0,1,0,0,0,Male,$25-$70K,South,1
12752,4/19/2018,807,CNG,2449,A,2449,0,1,1,0,1,Male,$25-$70K,South,1
12753,4/13/2018,808,CNG,2087,A,2087,1,1,0,0,0,Male,$25-$70K,South,1
12754,4/29/2018,809,CNG,1815,A,1815,0,1,0,1,1,Male,$25-$70K,South,0
12755,4/26/2018,810,CNG,781,A,781,1,1,1,1,1,Male,$25-$70K,South,0
12756,04/05/18,811,CNG,2428,A,2428,1,0,0,0,0,Male,$25-$70K,South,0
12757,4/27/2018,812,CNG,587,A,587,0,1,1,1,0,Male,$25-$70K,South,0
12758,04/02/18,813,CNG,1897,A,1897,1,0,1,1,0,Male,$25-$70K,South,1
12759,4/29/2018,814,CNG,517,A,517,0,1,0,1,1,Male,$25-$70K,South,0
12760,04/02/18,815,CNG,1705,A,1705,0,1,1,1,0,Male,$25-$70K,South,1
12761,04/07/18,816,CNG,912,A,912,1,0,1,1,0,Male,$25-$70K,South,0
12762,04/02/18,817,CNG,2204,A,2204,1,1,1,0,0,Male,$25-$70K,South,1
12763,04/02/18,818,CNG,2207,A,2207,0,1,1,0,0,Male,$25-$70K,South,0
12764,4/23/2018,819,CNG,1943,A,1943,0,0,1,1,0,Male,$25-$70K,South,0
12765,4/29/2018,820,CNG,1625,A,1625,0,1,1,1,0,Male,$25-$70K,South,0
12766,4/30/2018,821,CNG,762,A,762,1,0,1,1,0,Male,$25-$70K,South,1
12767,4/13/2018,822,CNG,1595,A,1595,0,0,0,1,0,Male,$25-$70K,South,0
12768,4/27/2018,823,CNG,625,A,625,0,0,0,0,0,Male,$25-$70K,South,0
12769,04/09/18,824,CNG,1484,A,1484,0,0,0,0,0,Male,$25-$70K,South,0
12770,4/30/2018,825,CNG,1604,A,1604,1,1,1,0,1,Male,$25-$70K,South,1
12771,04/08/18,826,CNG,1046,A,1046,0,0,1,1,1,Male,$25-$70K,South,0
12772,04/06/18,827,CNG,694,A,694,0,0,1,0,1,Male,$25-$70K,South,0
12773,4/17/2018,828,CNG,1248,A,1248,1,1,1,0,1,Male,$25-$70K,South,1
12774,04/02/18,829,CNG,2111,A,2111,1,0,1,0,1,Male,$25-$70K,South,0
12775,04/04/18,830,CNG,1648,A,1648,0,1,1,1,1,Male,$25-$70K,South,1
12776,4/21/2018,831,CNG,630,A,630,0,0,0,0,0,Male,$25-$70K,South,0
12777,4/19/2018,832,CNG,1829,A,1829,0,0,0,0,0,Male,$25-$70K,South,0
12778,4/21/2018,833,CNG,2113,A,2113,0,0,0,0,0,Male,$25-$70K,South,1
12779,4/18/2018,834,CNG,734,A,734,1,1,0,1,0,Male,$25-$70K,South,1
12780,04/08/18,835,CNG,2177,A,2177,1,0,1,0,1,Male,$25-$70K,South,0
12781,04/07/18,836,CNG,1923,A,1923,0,0,1,0,1,Male,$25-$70K,South,0
12782,4/18/2018,837,CNG,1340,A,1340,0,1,0,0,1,Male,$25-$70K,South,1
12783,4/15/2018,838,CNG,1282,A,1282,1,0,0,1,0,Male,$25-$70K,South,0
12784,04/05/18,839,CNG,2479,A,2479,1,1,0,1,1,Male,$25-$70K,South,0
12785,04/11/18,840,CNG,1206,A,1206,0,1,1,1,0,Male,$25-$70K,South,0
12786,4/23/2018,840,CNG,1116,A,1116,1,0,0,0,1,Male,$25-$70K,South,1
12787,4/24/2018,840,CNG,1845,A,1845,0,1,0,1,0,Male,$25-$70K,South,0
12788,4/16/2018,840,CNG,600,A,600,0,1,0,0,1,Male,$25-$70K,South,1
12789,04/01/18,840,CNG,812,A,812,1,1,1,0,0,Male,$25-$70K,South,0
12790,4/26/2018,840,CNG,2278,A,2278,1,1,0,1,0,Male,$25-$70K,South,0
12791,04/05/18,840,CNG,1488,A,1488,1,0,1,0,0,Male,$25-$70K,South,1
12792,4/28/2018,840,CNG,1445,A,1445,0,1,0,0,1,Male,$25-$70K,South,1
12793,4/15/2018,840,CNG,1677,A,1677,1,0,0,0,0,Male,$25-$70K,South,1
12794,04/07/18,840,CNG,2143,A,2143,0,0,0,0,1,Male,$25-$70K,South,1
12795,04/09/18,840,CNG,1124,A,1124,0,1,1,1,0,Male,$25-$70K,South,0
12796,4/29/2018,840,CNG,2076,A,2076,1,0,0,0,1,Male,$25-$70K,South,0
12797,4/20/2018,840,CNG,614,A,614,0,0,0,0,1,Male,$25-$70K,South,0
12798,4/22/2018,840,CNG,854,A,854,1,0,1,0,1,Male,$25-$70K,South,0
12799,4/22/2018,840,CNG,861,A,861,1,0,0,0,0,Male,$25-$70K,South,0
12800,4/17/2018,840,CNG,2323,A,2323,1,0,0,1,0,Male,$25-$70K,South,1
12801,4/29/2018,840,CNG,508,A,508,0,0,0,1,1,Male,$25-$70K,South,0
12802,04/12/18,840,CNG,1484,A,1484,1,0,1,1,0,Male,$25-$70K,South,0
12803,4/21/2018,840,CNG,1273,A,1273,0,1,1,0,0,Male,$25-$70K,South,1
12804,4/15/2018,840,CNG,796,A,796,0,1,0,1,0,Male,$25-$70K,South,1
12805,4/26/2018,840,CNG,681,A,681,0,1,1,1,0,Male,$25-$70K,South,0
12806,04/03/18,840,CNG,1639,A,1639,1,1,1,1,1,Male,$25-$70K,South,1
12807,4/15/2018,840,CNG,791,A,791,0,0,1,1,1,Male,$25-$70K,South,0
12808,04/06/18,840,CNG,845,A,845,1,1,1,0,1,Male,>$70K,South,0
12809,04/08/18,840,CNG,920,A,920,0,1,0,1,0,Male,>$70K,South,1
12810,4/25/2018,840,CNG,2123,A,2123,0,0,0,1,1,Male,>$70K,South,1
12811,04/07/18,840,CNG,1973,A,1973,1,0,0,0,0,Male,>$70K,South,0
12812,4/16/2018,840,CNG,2234,A,2234,0,0,1,1,1,Male,>$70K,South,1
12813,4/14/2018,840,CNG,1988,A,1988,0,0,0,0,0,Male,>$70K,South,0
12814,4/16/2018,840,CNG,2366,A,2366,1,1,0,0,0,Male,>$70K,South,1
12815,4/15/2018,840,CNG,1773,A,1773,1,0,1,0,0,Male,>$70K,South,0
12816,04/09/18,840,CNG,1017,A,1017,1,0,1,0,0,Male,>$70K,South,0
12817,04/08/18,840,CNG,1008,A,1008,1,1,1,0,1,Male,>$70K,South,1
12818,4/21/2018,840,CNG,1088,A,1088,1,0,0,1,1,Male,>$70K,South,1
12819,04/08/18,840,CNG,923,A,923,1,0,1,0,1,Male,>$70K,South,0
12820,04/05/18,840,CNG,813,A,813,1,0,1,0,1,Male,>$70K,South,0
12821,4/18/2018,840,CNG,1982,A,1982,1,1,1,1,1,Male,>$70K,South,1
12822,4/20/2018,840,CNG,549,A,549,1,1,0,1,1,Male,>$70K,South,1
12823,4/22/2018,840,CNG,1389,A,1389,0,0,1,0,1,Male,>$70K,South,1
12824,4/19/2018,840,CNG,2268,A,2268,0,0,0,1,1,Male,>$70K,South,0
12825,4/21/2018,840,CNG,770,A,770,1,1,0,0,1,Male,>$70K,South,0
12826,4/26/2018,840,CNG,887,A,887,1,0,1,1,0,Male,>$70K,South,1
12827,4/17/2018,840,CNG,1758,A,1758,1,0,1,1,0,Male,>$70K,South,0
12828,04/12/18,840,CNG,1018,A,1018,1,0,1,0,1,Male,>$70K,South,0
12829,04/09/18,840,CNG,2162,A,2162,1,1,0,1,0,Male,>$70K,South,1
12830,4/21/2018,840,CNG,860,A,860,0,1,1,1,1,Male,>$70K,South,1
12831,4/24/2018,840,CNG,1319,A,1319,0,1,1,0,0,Male,>$70K,South,1
12832,04/08/18,840,CNG,1918,A,1918,1,1,1,1,0,Male,>$70K,South,0
12833,04/04/18,840,CNG,732,A,732,0,1,1,1,0,Male,>$70K,South,0
12834,04/01/18,840,CNG,1019,A,1019,1,1,0,1,0,Male,>$70K,South,1
12835,4/26/2018,840,CNG,2415,A,2415,0,1,1,0,0,Male,>$70K,South,0
12836,4/18/2018,840,CNG,1538,A,1538,1,0,1,1,0,Male,>$70K,South,1
12837,4/20/2018,840,CNG,2279,A,2279,1,0,1,1,0,Male,>$70K,South,1
12838,4/26/2018,840,CNG,2218,A,2218,0,0,0,0,0,Male,>$70K,South,1
12839,4/20/2018,840,CNG,1653,A,1653,1,0,1,0,0,Male,>$70K,South,1
12840,04/09/18,840,CNG,2436,A,2436,1,1,1,0,1,Male,>$70K,South,0
12841,4/19/2018,840,CNG,1673,A,1673,0,0,0,1,0,Male,>$70K,South,1
12842,04/03/18,840,CNG,2332,A,2332,0,0,0,1,1,Male,>$70K,South,1
12843,4/19/2018,840,CNG,959,A,959,0,0,1,0,1,Male,>$70K,South,0
12844,4/27/2018,840,CNG,837,A,837,1,0,0,1,1,Male,>$70K,South,1
12845,05/02/18,840,CNG,2434,A,2434,0,0,1,1,0,Male,>$70K,South,0
12846,05/08/18,840,CNG,1778,A,1778,1,1,0,1,1,Male,>$70K,South,1
12847,5/27/2018,840,CNG,2417,A,2417,0,0,1,1,1,Male,>$70K,South,1
12848,05/07/18,840,CNG,1775,A,1775,1,1,0,0,0,Male,>$70K,South,0
12849,5/27/2018,840,CNG,1210,A,1210,0,1,0,1,0,Male,>$70K,South,1
12850,5/27/2018,840,CNG,568,A,568,0,1,1,1,1,Male,>$70K,South,1
12851,5/22/2018,840,CNG,724,A,724,1,0,1,1,0,Male,>$70K,South,0
12852,05/02/18,840,CNG,1760,A,1760,1,1,1,1,1,Male,>$70K,South,0
12853,5/13/2018,840,CNG,1345,A,1345,1,1,1,1,0,Male,>$70K,South,1
12854,05/05/18,840,CNG,2094,A,2094,1,1,0,0,0,Male,>$70K,South,0
12855,5/25/2018,840,CNG,2241,A,2241,1,1,1,0,0,Male,>$70K,South,0
12856,05/03/18,840,CNG,1488,A,1488,1,1,0,1,1,Male,>$70K,South,0
12857,5/28/2018,840,CNG,1028,A,1028,1,1,1,1,1,Male,>$70K,South,1
12858,05/09/18,840,CNG,1252,A,1252,0,0,1,1,0,Male,>$70K,South,1
12859,05/10/18,840,CNG,2445,A,2445,0,0,1,0,0,Male,>$70K,South,1
12860,05/11/18,840,CNG,1525,A,1525,1,0,1,1,0,Male,>$70K,South,0
12861,05/10/18,840,CNG,1157,A,1157,1,0,0,1,0,Male,>$70K,South,1
12862,5/22/2018,840,CNG,902,A,902,1,0,0,1,0,Male,>$70K,South,1
12863,05/01/18,840,CNG,2082,A,2082,0,0,0,1,0,Male,>$70K,South,0
12864,5/22/2018,840,CNG,1723,A,1723,1,1,0,1,1,Male,>$70K,South,0
12865,05/06/18,840,CNG,1532,A,1532,0,0,1,1,1,Male,>$70K,South,0
12866,5/14/2018,840,CNG,972,A,972,0,0,1,0,0,Male,>$70K,South,0
12867,05/05/18,840,CNG,1089,A,1089,0,1,0,1,1,Male,>$70K,South,0
12868,05/11/18,840,CNG,2400,A,2400,1,1,1,1,1,Male,>$70K,South,0
12869,5/22/2018,840,CNG,1667,A,1667,1,1,1,1,0,Male,>$70K,South,1
12870,5/30/2018,840,CNG,908,A,908,1,1,0,1,1,Male,>$70K,South,0
12871,05/10/18,840,CNG,1719,A,1719,1,0,1,0,1,Male,>$70K,South,1
12872,5/24/2018,840,CNG,1148,A,1148,0,1,1,0,0,Male,>$70K,South,0
12873,5/15/2018,840,CNG,1412,A,1412,0,1,0,0,1,Male,>$70K,South,0
12874,05/06/18,840,CNG,1291,A,1291,1,0,0,1,0,Male,>$70K,South,1
12875,05/06/18,840,CNG,1211,A,1211,1,0,1,1,1,Male,>$70K,South,0
12876,05/07/18,840,CNG,995,A,995,1,0,1,1,0,Male,>$70K,South,1
12877,5/30/2018,840,CNG,724,A,724,1,1,1,1,0,Male,>$70K,South,0
12878,05/02/18,840,CNG,1177,A,1177,1,0,0,1,1,Male,>$70K,South,1
12879,05/12/18,840,CNG,2403,A,2403,0,0,0,1,0,Male,>$70K,South,1
12880,05/09/18,840,CNG,1134,A,1134,0,1,0,0,0,Male,>$70K,South,0
12881,5/13/2018,840,CNG,2419,A,2419,1,1,1,1,0,Male,>$70K,South,0
12882,5/20/2018,840,CNG,1049,A,1049,0,1,1,1,1,Male,>$70K,South,0
12883,05/06/18,840,CNG,1123,A,1123,0,1,0,0,0,Male,>$70K,South,0
12884,05/02/18,840,CNG,1571,A,1571,1,0,1,0,1,Male,>$70K,South,1
12885,5/17/2018,840,CNG,1540,A,1540,1,0,1,0,1,Male,>$70K,South,1
12886,5/15/2018,840,CNG,2154,A,2154,1,1,0,1,1,Male,>$70K,South,1
12887,05/12/18,840,CNG,1188,A,1188,1,1,1,0,1,Male,>$70K,South,1
12888,05/07/18,840,CNG,2465,A,2465,1,1,1,0,0,Male,>$70K,South,0
12889,05/08/18,840,CNG,1972,A,1972,0,0,0,0,1,Male,>$70K,South,0
12890,5/21/2018,840,CNG,947,A,947,0,1,1,0,0,Male,>$70K,South,1
12891,5/14/2018,840,CNG,2032,A,2032,0,1,0,1,1,Male,>$70K,South,0
12892,05/12/18,840,CNG,1409,A,1409,0,1,1,0,1,Male,>$70K,South,1
12893,05/02/18,840,CNG,1353,A,1353,0,1,0,1,1,Male,>$70K,South,0
12894,05/11/18,840,CNG,2449,A,2449,1,1,0,1,0,Male,>$70K,South,0
12895,5/30/2018,840,CNG,1602,A,1602,1,0,1,0,1,Male,>$70K,South,0
12896,5/19/2018,840,CNG,1400,A,1400,0,0,1,0,1,Male,>$70K,South,0
12897,5/29/2018,840,CNG,915,A,915,0,0,1,1,1,Male,>$70K,South,0
12898,05/02/18,840,CNG,601,A,601,0,0,1,1,1,Male,>$70K,South,1
12899,05/09/18,840,CNG,1898,A,1898,1,0,0,0,0,Male,>$70K,South,1
12900,5/14/2018,840,CNG,1852,A,1852,1,1,0,1,1,Male,>$70K,South,1
12901,5/16/2018,840,CNG,686,A,686,1,0,0,1,1,Male,>$70K,South,0
12902,5/29/2018,840,CNG,1914,A,1914,0,1,1,0,1,Male,>$70K,South,1
12903,05/06/18,840,CNG,689,A,689,0,1,1,0,1,Male,>$70K,South,0
12904,5/14/2018,840,CNG,776,A,776,1,1,0,1,0,Male,>$70K,South,1
12905,5/15/2018,840,CNG,1399,A,1399,0,0,1,0,1,Male,>$70K,South,0
12906,05/07/18,840,CNG,2344,A,2344,0,0,1,0,1,Male,>$70K,South,0
12907,5/24/2018,840,CNG,1010,A,1010,1,1,1,1,1,Male,>$70K,South,0
12908,5/27/2018,840,CNG,1988,A,1988,0,1,0,1,1,Male,>$70K,South,1
12909,05/05/18,840,CNG,634,A,634,0,1,1,0,0,Male,>$70K,South,0
12910,05/12/18,840,CNG,2100,A,2100,0,0,1,1,0,Male,>$70K,South,1
12911,5/15/2018,840,CNG,635,A,635,1,1,0,0,1,Male,>$70K,South,1
12912,05/11/18,840,CNG,1829,A,1829,1,1,1,1,0,Male,>$70K,South,1
12913,5/17/2018,840,CNG,582,A,582,1,0,0,1,1,Male,>$70K,South,0
12914,5/30/2018,840,CNG,1884,A,1884,1,0,0,0,0,Male,>$70K,South,1
12915,5/26/2018,840,CNG,2203,A,2203,0,1,1,0,0,Male,>$70K,South,0
12916,5/19/2018,840,CNG,946,A,946,1,0,0,1,0,Male,>$70K,South,1
12917,05/02/18,840,CNG,716,A,716,0,1,1,1,1,Male,>$70K,South,0
12918,5/13/2018,840,CNG,1625,A,1625,0,1,0,1,1,Male,>$70K,South,0
12919,05/11/18,840,CNG,837,A,837,0,0,0,1,0,Male,>$70K,South,0
12920,5/19/2018,840,CNG,2469,A,2469,1,1,1,0,1,Male,>$70K,South,1
12921,5/17/2018,840,CNG,1162,A,1162,0,0,1,0,1,Male,>$70K,South,0
12922,5/16/2018,840,CNG,1565,A,1565,0,0,1,1,0,Male,>$70K,South,1
12923,5/18/2018,840,CNG,2313,A,2313,1,0,0,1,0,Male,>$70K,South,1
12924,05/12/18,840,CNG,741,A,741,1,0,0,1,1,Male,>$70K,South,0
12925,05/07/18,840,CNG,1845,A,1845,1,0,1,0,0,Male,>$70K,South,0
12926,5/21/2018,840,CNG,1325,A,1325,0,1,1,0,1,Male,>$70K,South,0
12927,5/21/2018,840,CNG,1570,A,1570,1,1,1,0,1,Male,>$70K,South,0
12928,5/17/2018,840,CNG,2209,A,2209,0,0,1,1,1,Male,>$70K,South,0
12929,5/24/2018,840,CNG,538,A,538,0,1,0,1,0,Male,>$70K,South,1
12930,5/21/2018,840,CNG,1895,A,1895,1,1,1,1,1,Male,>$70K,South,1
12931,5/30/2018,840,CNG,2182,A,2182,0,1,0,1,1,Male,>$70K,South,0
12932,5/23/2018,840,CNG,1483,A,1483,1,1,0,0,1,Male,>$70K,South,1
12933,05/05/18,840,CNG,1241,A,1241,1,0,1,1,0,Male,>$70K,South,0
12934,5/25/2018,840,CNG,1256,A,1256,0,0,1,0,0,Male,>$70K,South,1
12935,5/17/2018,840,CNG,2340,A,2340,0,0,0,1,0,Male,>$70K,South,0
12936,5/23/2018,840,CNG,2365,A,2365,0,1,1,0,0,Male,>$70K,South,0
12937,5/26/2018,840,CNG,651,A,651,1,1,0,0,0,Male,>$70K,South,1
12938,5/30/2018,840,CNG,2141,A,2141,0,1,0,0,1,Male,>$70K,South,1
12939,5/25/2018,840,CNG,1358,A,1358,0,1,1,1,1,Male,>$70K,South,0
12940,5/16/2018,995,CNG,2094,A,2094,1,0,0,0,0,Male,>$70K,South,1
12941,5/18/2018,996,CNG,1962,A,1962,0,1,1,1,0,Male,>$70K,South,1
12942,5/30/2018,997,CNG,2055,A,2055,1,0,1,0,0,Male,>$70K,South,1
12943,5/22/2018,998,CNG,1542,A,1542,1,0,1,1,1,Male,>$70K,South,0
12944,5/19/2018,999,CNG,1339,A,1339,0,1,1,1,0,Male,>$70K,South,0
12945,6/21/2018,1000,CNG,2284,A,2284,1,0,1,0,1,Male,>$70K,South,0
12946,6/29/2018,1001,CNG,1340,A,1340,1,1,1,1,1,Male,>$70K,South,0
12947,06/12/18,1002,CNG,2041,A,2041,0,0,0,0,1,Male,>$70K,South,0
12948,06/09/18,1003,CNG,861,A,861,1,0,0,1,0,Male,>$70K,South,0
12949,6/22/2018,1004,CNG,1047,B,1047,1,1,0,0,0,Male,>$70K,South,0
12950,6/14/2018,1005,CNG,2001,B,2001,1,0,0,0,0,Male,>$70K,South,0
12951,6/26/2018,1006,CNG,1327,B,1327,0,0,0,0,1,Male,>$70K,South,1
12952,6/21/2018,1007,CNG,2367,B,2367,0,0,1,0,1,Male,>$70K,South,0
12953,6/27/2018,1008,CNG,1829,B,1829,1,0,0,1,0,Male,>$70K,South,0
12954,06/09/18,1009,CNG,1744,B,1744,0,0,1,1,1,Male,>$70K,South,1
12955,06/06/18,1010,CNG,878,B,878,0,1,0,0,0,Male,>$70K,South,1
12956,06/11/18,1011,Petrol,641,B,641,0,0,0,1,1,Male,>$70K,South,1
12957,6/26/2018,1012,Petrol,1096,B,1096,1,1,1,1,1,Male,>$70K,South,1
12958,6/21/2018,1013,Petrol,1761,B,1761,1,0,0,1,1,Male,>$70K,South,1
12959,6/15/2018,1014,Petrol,875,B,875,1,0,0,1,1,Male,>$70K,South,1
12960,06/01/18,1015,Petrol,698,B,698,0,1,0,0,0,Male,>$70K,South,1
12961,6/30/2018,1016,Petrol,1251,B,1251,1,1,0,0,0,Male,>$70K,South,0
12962,6/17/2018,1017,Petrol,1500,B,1500,1,1,0,0,1,Male,>$70K,South,0
12963,6/30/2018,1018,Petrol,2422,B,2422,1,0,1,0,1,Male,>$70K,South,0
12964,6/22/2018,1019,Petrol,1197,B,1197,1,0,1,1,1,Male,>$70K,South,1
12965,06/01/18,1020,Petrol,1507,B,1507,1,1,1,0,1,Male,>$70K,South,0
12966,6/28/2018,1021,Petrol,609,B,609,0,0,1,0,1,Male,>$70K,South,1
12967,6/25/2018,1022,Petrol,1339,B,1339,1,0,1,0,1,Male,>$70K,South,0
12968,06/07/18,1023,Petrol,1730,B,1730,0,0,1,0,0,Male,>$70K,South,0
12969,06/01/18,1024,Petrol,2164,B,2164,1,1,1,1,1,Male,>$70K,South,0
12970,6/23/2018,1025,Petrol,1791,B,1791,0,0,1,0,1,Male,>$70K,South,0
12971,6/18/2018,1026,Petrol,759,B,759,1,1,1,0,0,Male,>$70K,South,0
12972,6/14/2018,1027,Petrol,1199,B,1199,1,0,0,1,0,Male,>$70K,South,1
12973,6/28/2018,1028,Petrol,1214,B,1214,1,1,1,1,1,Male,>$70K,South,0
12974,6/13/2018,1029,Petrol,2104,B,2104,1,0,1,0,1,Male,>$70K,South,0
12975,06/09/18,1030,Petrol,538,B,538,1,0,1,0,1,Male,>$70K,South,0
12976,6/27/2018,1031,Petrol,1951,B,1951,0,0,1,0,0,Male,>$70K,South,0
12977,6/18/2018,1032,Petrol,804,B,804,0,1,1,0,1,Male,>$70K,South,0
12978,06/08/18,1033,Petrol,1778,B,1778,1,0,1,0,0,Male,>$70K,South,1
12979,6/22/2018,1034,Petrol,1368,B,1368,0,0,0,0,1,Male,>$70K,South,1
12980,6/21/2018,1035,Petrol,1744,B,1744,0,1,1,1,1,Male,>$70K,South,1
12981,06/10/18,1036,Petrol,844,B,844,1,0,0,0,1,Male,>$70K,South,0
12982,06/12/18,1037,Petrol,1769,B,1769,1,1,1,1,1,Male,>$70K,South,1
12983,06/02/18,1038,Petrol,873,B,873,1,1,1,1,0,Male,>$70K,South,1
12984,06/07/18,1039,Petrol,2088,B,2088,1,1,0,0,1,Male,>$70K,South,1
12985,06/04/18,1040,Petrol,520,B,520,0,1,0,1,0,Male,>$70K,South,0
12986,06/12/18,1041,Petrol,1642,B,1642,1,1,0,1,1,Male,>$70K,South,0
12987,6/26/2018,1042,Petrol,1261,B,1261,1,1,1,0,1,Male,>$70K,South,1
12988,6/24/2018,1043,Petrol,2266,B,2266,0,0,1,1,0,Male,$25-$70K,South,0
12989,6/27/2018,1044,Petrol,2302,B,2302,0,0,1,1,1,Male,$25-$70K,South,1
12990,06/07/18,1045,Petrol,2191,B,2191,0,1,1,0,1,Male,$25-$70K,South,0
12991,6/29/2018,1046,Petrol,620,B,620,1,0,0,1,0,Male,$25-$70K,South,1
12992,06/10/18,1047,Petrol,874,B,874,1,1,1,0,1,Male,$25-$70K,South,1
12993,6/18/2018,1048,Petrol,1217,B,1217,1,0,1,0,1,Male,$25-$70K,South,0
12994,6/14/2018,1049,Petrol,586,B,586,0,1,0,1,0,Male,$25-$70K,South,0
12995,6/19/2018,1050,Petrol,972,B,972,0,1,1,0,1,Male,$25-$70K,South,0
12996,6/17/2018,1051,Petrol,958,B,958,1,1,0,1,0,Male,$25-$70K,South,0
12997,6/16/2018,1052,Petrol,1971,B,1971,1,1,0,1,0,Male,$25-$70K,South,0
12998,06/04/18,1053,Petrol,1225,B,1225,1,1,1,0,0,Male,$25-$70K,South,1
12999,6/25/2018,1054,Petrol,1789,B,1789,0,1,1,0,1,Male,$25-$70K,South,0
13000,6/29/2018,1055,Petrol,523,B,523,0,1,0,1,1,Male,$25-$70K,South,0
13001,6/23/2018,1056,Petrol,1548,B,1548,1,1,1,1,1,Male,$25-$70K,South,1
13002,06/06/18,1057,Petrol,1524,B,1524,0,0,1,0,0,Male,$25-$70K,South,1
13003,6/18/2018,1058,Petrol,752,B,752,1,0,1,0,1,Male,$25-$70K,South,1
13004,06/07/18,1059,Petrol,1787,B,1787,0,1,1,0,0,Male,$25-$70K,South,1
13005,06/02/18,1060,Petrol,1416,B,1416,1,0,0,1,1,Male,$25-$70K,South,0
13006,6/16/2018,1061,Petrol,1685,B,1685,1,0,0,1,1,Male,$25-$70K,South,1
13007,6/15/2018,1062,Petrol,920,B,920,0,0,0,0,0,Male,$25-$70K,South,0
13008,6/24/2018,1063,Petrol,1976,B,1976,1,1,1,0,1,Male,$25-$70K,South,0
13009,06/11/18,1064,Petrol,2353,B,2353,1,1,1,1,0,Male,$25-$70K,South,1
13010,6/19/2018,1065,Petrol,1045,B,1045,1,0,1,1,0,Male,$25-$70K,South,1
13011,6/14/2018,1066,Petrol,1998,B,1998,1,0,1,0,0,Male,$25-$70K,South,0
13012,06/03/18,1067,Petrol,593,B,593,0,0,1,0,1,Male,$25-$70K,South,0
13013,06/06/18,1068,Petrol,1994,B,1994,1,1,0,1,0,Male,$25-$70K,South,1
13014,6/13/2018,1069,Petrol,1595,B,1595,0,0,0,0,1,Male,$25-$70K,South,1
13015,6/22/2018,1070,Petrol,2181,B,2181,0,1,0,1,0,Male,$25-$70K,South,0
13016,6/16/2018,1071,Petrol,2403,B,2403,0,0,1,1,0,Male,$25-$70K,South,1
13017,06/08/18,1072,Petrol,1918,B,1918,1,0,0,1,0,Male,$25-$70K,South,0
13018,06/11/18,1073,Petrol,1651,B,1651,0,1,1,0,1,Male,$25-$70K,South,1
13019,6/28/2018,1074,Petrol,541,B,541,1,1,1,0,0,Male,$25-$70K,South,0
13020,6/30/2018,1075,Petrol,1164,B,1164,1,1,0,0,0,Male,$25-$70K,South,0
13021,6/16/2018,1076,Petrol,2289,B,2289,0,1,0,0,0,Male,$25-$70K,South,1
13022,06/11/18,1077,Petrol,1519,B,1519,0,1,1,0,1,Male,$25-$70K,South,0
13023,06/05/18,1078,Petrol,1840,B,1840,1,0,1,1,1,Male,$25-$70K,South,0
13024,6/20/2018,1079,Petrol,1798,B,1798,0,0,0,0,1,Male,$25-$70K,South,1
13025,6/15/2018,1080,Petrol,933,B,933,0,0,1,1,0,Male,$25-$70K,South,0
13026,6/27/2018,1081,Petrol,2291,B,2291,0,0,0,1,1,Male,$25-$70K,South,1
13027,6/28/2018,1082,Petrol,648,B,648,1,0,0,1,0,Male,$25-$70K,South,0
13028,6/26/2018,1083,Petrol,1933,B,1933,1,0,1,0,0,Male,$25-$70K,South,0
13029,6/29/2018,1084,Petrol,911,B,911,0,0,0,0,0,Male,$25-$70K,South,0
13030,06/10/18,1085,Petrol,2299,B,2299,1,0,1,1,1,Male,$25-$70K,South,1
13031,6/27/2018,1086,Petrol,620,B,620,0,1,1,0,0,Male,$25-$70K,South,1
13032,6/27/2018,1087,Petrol,2418,B,2418,0,1,0,1,0,Male,$25-$70K,South,1
13033,6/18/2018,1088,Petrol,1785,B,1785,1,0,0,0,0,Male,$25-$70K,South,0
13034,06/04/18,1089,Petrol,2139,B,2139,1,1,1,0,0,Male,$25-$70K,South,0
13035,6/23/2018,1090,Petrol,2023,B,2023,0,1,1,1,1,Male,$25-$70K,South,0
13036,06/06/18,1091,Petrol,2099,B,2099,0,0,0,0,1,Male,$25-$70K,South,0
13037,6/19/2018,1092,Petrol,1559,B,1559,1,0,0,1,0,Male,$25-$70K,South,0
13038,06/11/18,1093,Petrol,1277,B,1277,0,0,0,1,1,Male,$25-$70K,South,0
13039,6/29/2018,1094,Petrol,2487,B,2487,1,1,0,0,1,Male,$25-$70K,South,1
13040,06/02/18,1095,Petrol,1717,B,1717,0,0,0,1,1,Male,$25-$70K,South,1
13041,6/14/2018,1096,Petrol,2342,B,2342,1,1,0,0,0,Male,$25-$70K,South,1
13042,06/01/18,1097,Petrol,717,B,717,0,1,1,1,0,Male,$25-$70K,South,1
13043,6/16/2018,1098,Petrol,1533,B,1533,0,0,0,1,0,Male,$25-$70K,South,1
13044,6/23/2018,1099,Petrol,751,B,751,1,0,1,0,0,Male,$25-$70K,South,1
13045,7/29/2018,1100,Petrol,2277,B,2277,1,0,0,0,1,Male,$25-$70K,South,1
13046,07/06/18,1101,Petrol,2205,B,2205,0,0,0,0,1,Male,$25-$70K,South,0
13047,07/05/18,1102,Petrol,1095,B,1095,1,0,0,0,1,Male,$25-$70K,South,1
13048,7/23/2018,1103,Petrol,552,B,552,0,0,1,1,1,Male,$25-$70K,South,1
13049,7/24/2018,1104,Petrol,2489,B,2489,1,0,1,0,0,Male,$25-$70K,South,0
13050,7/21/2018,1105,Petrol,2345,B,2345,1,1,1,0,0,Male,$25-$70K,South,1
13051,07/05/18,1106,Petrol,1712,B,1712,0,0,1,0,0,Male,$25-$70K,South,1
13052,7/23/2018,1107,Petrol,2326,B,2326,1,0,1,1,1,Male,$25-$70K,South,1
13053,07/06/18,1108,Petrol,505,B,505,0,0,0,1,1,Male,$25-$70K,South,0
13054,7/23/2018,1109,Petrol,882,B,882,0,0,0,0,1,Male,$25-$70K,South,1
13055,7/18/2018,1110,Petrol,837,B,837,1,0,0,1,0,Male,$25-$70K,South,1
13056,07/03/18,1111,Petrol,2418,B,2418,0,1,1,0,1,Male,$25-$70K,South,0
13057,7/24/2018,1112,Petrol,625,B,625,0,1,1,1,0,Male,$25-$70K,South,0
13058,7/20/2018,1113,Petrol,1643,B,1643,1,1,0,1,0,Male,$25-$70K,South,0
13059,7/28/2018,1114,Petrol,1564,B,1564,0,0,0,1,0,Male,$25-$70K,South,1
13060,7/13/2018,1115,Petrol,1642,B,1642,0,0,0,1,1,Male,$25-$70K,South,0
13061,7/24/2018,1116,Petrol,1354,B,1354,0,1,0,0,0,Male,$25-$70K,South,1
13062,7/13/2018,1117,Petrol,1614,B,1614,1,1,0,0,1,Male,$25-$70K,South,1
13063,07/03/18,1118,Petrol,1764,B,1764,1,1,1,0,1,Male,$25-$70K,South,1
13064,7/18/2018,1119,Petrol,1848,B,1848,1,1,1,0,1,Male,$25-$70K,South,0
13065,07/08/18,1120,Petrol,953,B,953,1,1,0,1,1,Male,$25-$70K,South,1
13066,07/03/18,1121,Petrol,2009,B,2009,0,0,0,0,1,Male,$25-$70K,South,1
13067,7/26/2018,1122,Petrol,1726,B,1726,0,1,0,1,1,Male,$25-$70K,South,1
13068,7/25/2018,1123,Petrol,741,B,741,1,1,1,0,1,Male,$25-$70K,South,0
13069,7/17/2018,1124,Petrol,2467,B,2467,0,0,1,0,0,Male,$25-$70K,South,0
13070,7/15/2018,1125,Petrol,775,B,775,0,1,1,1,1,Male,$25-$70K,South,0
13071,7/19/2018,1126,Petrol,1545,B,1545,1,0,0,1,0,Male,$25-$70K,South,0
13072,7/14/2018,1127,Petrol,631,B,631,1,0,0,1,1,Male,$25-$70K,South,1
13073,7/24/2018,1128,Petrol,2250,B,2250,1,1,1,0,0,Male,$25-$70K,East,1
13074,07/07/18,1129,Petrol,1741,B,1741,0,0,0,1,0,Male,$25-$70K,East,1
13075,7/28/2018,1130,Petrol,1668,B,1668,0,1,0,1,0,Male,$25-$70K,East,0
13076,7/20/2018,1131,Petrol,1303,B,1303,1,1,1,0,1,Male,$25-$70K,East,1
13077,07/07/18,1132,Petrol,691,B,691,1,0,1,1,0,Male,$25-$70K,East,1
13078,07/07/18,1133,Petrol,1157,B,1157,1,0,1,1,0,Male,$25-$70K,East,1
13079,7/14/2018,1134,Petrol,648,B,648,1,0,0,1,0,Male,$25-$70K,East,0
13080,07/05/18,1135,Petrol,563,B,563,0,0,1,1,1,Male,$25-$70K,East,1
13081,07/02/18,1136,Petrol,2040,B,2040,1,1,1,0,1,Male,$25-$70K,East,1
13082,07/11/18,1137,Petrol,1211,B,1211,0,0,1,0,0,Male,$25-$70K,East,1
13083,7/14/2018,1138,Petrol,1666,B,1666,0,1,1,1,0,Male,$25-$70K,East,0
13084,7/13/2018,1139,Petrol,1140,B,1140,0,1,0,0,0,Male,$25-$70K,East,0
13085,7/22/2018,1140,Petrol,2108,B,2108,0,0,0,0,1,Male,$25-$70K,East,1
13086,07/09/18,1141,Petrol,1734,B,1734,1,0,0,0,1,Male,$25-$70K,East,1
13087,07/10/18,1142,Petrol,1281,B,1281,0,0,0,0,0,Male,$25-$70K,East,1
13088,07/05/18,1143,Petrol,1926,B,1926,0,0,1,0,1,Male,$25-$70K,East,1
13089,7/28/2018,1144,Petrol,2095,B,2095,1,0,0,1,0,Male,$25-$70K,East,0
13090,7/26/2018,1145,Petrol,2199,B,2199,0,0,1,1,1,Male,$25-$70K,East,1
13091,7/16/2018,1146,Petrol,611,B,611,1,0,0,1,0,Male,$25-$70K,East,1
13092,07/02/18,1147,Petrol,2117,B,2117,1,1,1,1,1,Male,$25-$70K,East,1
13093,7/23/2018,1148,Petrol,1427,B,1427,0,0,0,1,1,Male,$25-$70K,East,0
13094,7/13/2018,1149,Petrol,2141,B,2141,0,1,1,1,1,Male,$25-$70K,East,0
13095,7/19/2018,1150,Petrol,1286,B,1286,1,1,1,1,1,Male,$25-$70K,East,1
13096,7/26/2018,1151,Petrol,521,B,521,1,1,1,0,0,Male,$25-$70K,East,1
13097,7/18/2018,1152,Petrol,1002,B,1002,0,1,1,0,1,Male,$25-$70K,East,1
13098,7/30/2018,1153,Petrol,1425,B,1425,1,0,0,0,0,Male,$25-$70K,East,0
13099,07/04/18,1154,Petrol,1796,B,1796,1,1,0,1,1,Male,$25-$70K,East,0
13100,07/11/18,1155,Petrol,1627,B,1627,1,1,1,1,0,Male,$25-$70K,East,0
13101,7/25/2018,1156,Petrol,1019,B,1019,1,0,1,0,0,Male,$25-$70K,East,0
13102,7/14/2018,1157,Petrol,1492,B,1492,0,0,0,1,0,Male,$25-$70K,East,1
13103,07/09/18,1158,Petrol,2220,B,2220,0,1,1,1,1,Male,$25-$70K,East,1
13104,7/15/2018,1159,Petrol,705,B,705,0,1,0,1,1,Male,$25-$70K,East,0
13105,07/06/18,1160,Petrol,1925,B,1925,1,0,0,0,0,Male,$25-$70K,East,1
13106,07/11/18,1161,Petrol,1673,B,1673,1,0,0,0,1,Male,$25-$70K,East,0
13107,7/20/2018,1162,Petrol,2359,B,2359,1,1,1,1,1,Male,$25-$70K,East,0
13108,07/02/18,1163,Petrol,1857,B,1857,1,1,0,1,1,Male,$25-$70K,East,0
13109,7/28/2018,1164,Petrol,2235,B,2235,1,0,0,1,1,Male,$25-$70K,East,0
13110,7/15/2018,1165,Petrol,1192,B,1192,1,1,1,0,0,Male,$25-$70K,East,0
13111,7/13/2018,1166,Petrol,1490,B,1490,0,1,0,1,1,Male,$25-$70K,East,1
13112,7/15/2018,1167,Petrol,2156,B,2156,1,1,1,1,1,Male,0- $25K,East,0
13113,07/05/18,1168,Petrol,2241,B,2241,0,1,0,1,0,Male,0- $25K,East,0
13114,07/08/18,1169,Petrol,2052,B,2052,0,1,1,1,0,Male,0- $25K,East,0
13115,07/10/18,1170,Petrol,1371,B,1371,0,1,0,1,1,Male,0- $25K,East,0
13116,7/22/2018,1171,Petrol,1351,B,1351,1,1,0,1,0,Male,0- $25K,East,0
13117,07/11/18,1172,Petrol,1008,B,1008,0,0,0,1,0,Male,0- $25K,East,1
13118,07/04/18,1173,Petrol,1798,B,1798,0,1,0,1,0,Male,0- $25K,East,0
13119,07/01/18,1174,Petrol,1253,B,1253,0,1,1,1,0,Male,0- $25K,East,1
13120,07/08/18,1175,Petrol,1939,B,1939,1,0,0,0,0,Male,0- $25K,East,1
13121,7/25/2018,1176,Petrol,2475,B,2475,1,0,1,0,0,Male,0- $25K,East,0
13122,7/13/2018,1177,Petrol,1949,B,1949,0,1,0,0,1,Male,0- $25K,East,1
13123,7/25/2018,1178,Petrol,1143,B,1143,1,0,1,1,1,Male,0- $25K,East,0
13124,07/01/18,1179,Petrol,2084,B,2084,0,1,0,1,0,Male,0- $25K,East,0
13125,7/22/2018,1180,Petrol,2434,B,2434,1,1,0,0,1,Male,0- $25K,East,0
13126,7/25/2018,1181,Petrol,2313,B,2313,0,0,0,1,0,Male,0- $25K,East,1
13127,7/25/2018,1182,Petrol,500,B,500,0,1,0,0,0,Male,0- $25K,East,0
13128,7/30/2018,1183,Petrol,1977,B,1977,1,0,1,0,1,Male,0- $25K,East,0
13129,7/20/2018,1184,Petrol,1195,B,1195,1,1,1,0,0,Male,0- $25K,East,1
13130,7/14/2018,1185,Petrol,1163,B,1163,0,0,0,0,1,Male,0- $25K,East,1
13131,7/16/2018,1186,Petrol,2010,B,2010,1,0,0,1,1,Male,0- $25K,East,1
13132,7/17/2018,1187,Petrol,532,B,532,1,1,1,0,1,Male,0- $25K,East,1
13133,7/23/2018,1188,Petrol,2478,B,2478,0,0,0,0,0,Male,0- $25K,East,0
13134,7/15/2018,1189,Petrol,1388,B,1388,1,0,0,0,0,Male,0- $25K,East,1
13135,7/24/2018,1190,Petrol,1076,B,1076,1,0,0,0,0,Male,0- $25K,East,1
13136,07/01/18,1191,Petrol,564,B,564,0,0,1,1,1,Male,0- $25K,East,1
13137,7/17/2018,1192,Petrol,1225,B,1225,0,0,1,0,0,Male,0- $25K,East,1
13138,7/25/2018,1193,Petrol,2295,B,2295,0,1,1,1,0,Male,0- $25K,East,0
13139,7/23/2018,1194,Petrol,2285,B,2285,1,0,1,1,1,Male,0- $25K,East,1
13140,7/28/2018,1195,Petrol,508,B,508,1,0,1,1,0,Male,0- $25K,East,1
13141,07/06/18,1196,Petrol,1967,B,1967,1,0,0,0,1,Male,0- $25K,East,0
13142,07/10/18,1197,Petrol,1553,B,1553,0,0,1,1,1,Male,0- $25K,East,1
13143,07/03/18,1198,Petrol,2141,B,2141,0,1,0,0,0,Male,0- $25K,East,0
13144,7/29/2018,1199,Petrol,2102,B,2102,1,0,1,1,0,Male,0- $25K,East,0
13145,08/05/18,1200,Petrol,1662,B,1662,0,1,1,1,0,Male,0- $25K,East,0
13146,8/27/2018,1201,Petrol,910,B,910,0,1,0,0,0,Male,0- $25K,East,1
13147,08/10/18,1202,Petrol,2402,B,2402,0,1,0,1,0,Male,0- $25K,East,1
13148,8/18/2018,1203,Petrol,1731,B,1731,1,0,0,0,0,Male,0- $25K,East,1
13149,8/24/2018,1204,Petrol,557,B,557,1,0,1,1,0,Male,0- $25K,East,0
13150,08/10/18,1205,Petrol,1377,B,1377,1,0,0,1,0,Male,0- $25K,East,0
13151,8/30/2018,1206,Petrol,2301,B,2301,1,0,0,0,0,Male,0- $25K,East,1
13152,08/03/18,1207,Petrol,1157,B,1157,0,0,1,0,0,Male,0- $25K,East,0
13153,08/06/18,1208,Petrol,629,B,629,1,0,1,1,0,Male,0- $25K,East,0
13154,8/30/2018,1209,Petrol,2255,B,2255,0,1,0,1,0,Male,0- $25K,East,0
13155,08/02/18,1210,Petrol,974,B,974,0,1,1,0,0,Male,0- $25K,East,0
13156,8/17/2018,1211,Petrol,1399,B,1399,1,0,0,1,0,Male,0- $25K,East,0
13157,08/02/18,1212,Petrol,1612,B,1612,0,1,1,0,0,Male,0- $25K,East,0
13158,08/03/18,1213,Petrol,2410,B,2410,1,0,1,1,1,Male,0- $25K,East,1
13159,8/26/2018,1214,Petrol,1545,B,1545,0,1,0,1,1,Male,0- $25K,East,0
13160,8/14/2018,1215,Petrol,1566,B,1566,1,1,0,0,1,Male,0- $25K,East,1
13161,8/23/2018,1216,Petrol,703,B,703,1,0,0,1,1,Male,0- $25K,East,1
13162,8/25/2018,1217,Petrol,1441,B,1441,1,1,1,1,1,Male,0- $25K,East,1
13163,08/03/18,1218,Petrol,1005,B,1005,1,1,1,0,1,Male,0- $25K,East,1
13164,08/04/18,1219,Petrol,2163,B,2163,1,0,0,1,0,Male,0- $25K,East,1
13165,8/14/2018,1220,Petrol,1835,B,1835,1,0,1,1,1,Male,0- $25K,East,0
13166,8/26/2018,1221,Petrol,2033,B,2033,0,1,1,1,1,Male,0- $25K,East,0
13167,8/17/2018,1222,Petrol,1950,B,1950,1,1,0,0,0,Male,0- $25K,East,1
13168,8/20/2018,1223,Petrol,699,B,699,0,0,1,0,1,Male,0- $25K,East,1
13169,8/30/2018,1224,Petrol,817,B,817,0,0,1,0,0,Male,0- $25K,East,1
13170,8/14/2018,1225,Petrol,2435,B,2435,1,0,1,0,1,Male,0- $25K,East,0
13171,8/22/2018,1226,Petrol,1216,B,1216,0,0,0,1,0,Male,0- $25K,East,0
13172,08/10/18,1227,Petrol,705,B,705,0,1,1,1,0,Male,0- $25K,East,0
13173,8/17/2018,1228,Petrol,2443,B,2443,0,0,1,1,1,Male,0- $25K,East,1
13174,8/26/2018,1229,Petrol,1398,B,1398,1,0,1,0,0,Male,0- $25K,East,1
13175,8/24/2018,1230,Petrol,2471,B,2471,0,1,1,1,1,Male,0- $25K,East,1
13176,8/22/2018,1231,Petrol,1854,B,1854,1,0,1,1,0,Male,0- $25K,East,0
13177,8/28/2018,1232,Petrol,675,B,675,0,0,1,0,1,Male,0- $25K,East,1
13178,8/30/2018,1233,Petrol,1035,B,1035,1,0,0,0,0,Male,0- $25K,East,1
13179,08/05/18,1234,Petrol,926,B,926,1,1,0,1,0,Male,0- $25K,East,0
13180,08/12/18,1235,Petrol,2171,B,2171,0,1,1,1,1,Male,0- $25K,East,1
13181,8/30/2018,1236,Petrol,2064,B,2064,1,1,0,1,0,Male,0- $25K,East,0
13182,8/25/2018,1237,Petrol,934,B,934,1,1,0,1,1,Male,0- $25K,East,1
13183,08/07/18,1238,Petrol,1681,B,1681,0,1,1,1,1,Male,0- $25K,East,1
13184,8/17/2018,1239,Petrol,1556,B,1556,1,0,1,0,1,Male,0- $25K,East,0
13185,8/22/2018,1240,Petrol,2111,B,2111,1,0,0,1,1,Male,0- $25K,East,1
13186,8/23/2018,1241,Petrol,2048,B,2048,0,0,1,1,1,Male,0- $25K,East,0
13187,08/07/18,1242,Petrol,507,B,507,0,0,0,1,0,Male,0- $25K,East,0
13188,8/13/2018,1243,Petrol,1799,B,1799,1,0,0,0,1,Male,0- $25K,East,1
13189,08/11/18,1244,Petrol,2292,B,2292,1,0,1,1,0,Male,0- $25K,East,1
13190,8/23/2018,1245,Petrol,2143,B,2143,0,0,1,0,0,Male,0- $25K,East,0
13191,8/17/2018,1246,Petrol,2198,B,2198,0,1,1,1,1,Male,0- $25K,East,1
13192,08/08/18,1247,Petrol,581,B,581,1,0,0,1,0,Male,0- $25K,East,0
13193,8/14/2018,1248,Petrol,2364,B,2364,1,1,0,0,0,Male,0- $25K,East,0
13194,08/07/18,1249,Petrol,533,B,533,1,0,1,0,0,Male,0- $25K,East,1
13195,8/23/2018,1250,Petrol,1911,B,1911,1,1,1,0,1,Male,0- $25K,East,0
13196,8/21/2018,1251,Petrol,1559,B,1559,0,0,1,0,1,Male,0- $25K,East,0
13197,8/16/2018,1252,Petrol,2477,B,2477,0,0,0,1,0,Male,0- $25K,East,0
13198,8/22/2018,1253,Petrol,878,B,878,0,0,0,0,0,Male,0- $25K,East,0
13199,08/04/18,1254,Petrol,1090,B,1090,0,0,1,0,0,Male,0- $25K,East,0
13200,8/24/2018,1255,Petrol,909,B,909,0,0,0,1,1,Male,0- $25K,East,1
13201,08/11/18,1256,Petrol,833,B,833,0,1,0,0,0,Male,0- $25K,East,0
13202,08/05/18,1257,Petrol,1031,B,1031,1,1,1,0,0,Male,0- $25K,East,1
13203,8/23/2018,1258,Petrol,1947,B,1947,0,1,0,1,0,Male,0- $25K,East,0
13204,8/18/2018,1259,Petrol,1757,B,1757,1,1,0,1,1,Male,0- $25K,East,1
13205,08/02/18,1260,Petrol,993,B,993,0,0,1,1,0,Male,0- $25K,East,1
13206,08/05/18,1261,Petrol,1078,B,1078,0,1,1,0,1,Male,0- $25K,East,0
13207,8/20/2018,1262,Petrol,1349,B,1349,0,1,1,0,0,Male,0- $25K,East,0
13208,08/05/18,1263,Petrol,1801,B,1801,1,0,1,0,1,Male,0- $25K,East,0
13209,08/03/18,1264,Petrol,511,B,511,1,0,0,0,1,Male,0- $25K,East,1
13210,8/23/2018,1265,Petrol,1709,B,1709,0,0,0,1,1,Male,0- $25K,East,1
13211,08/08/18,1266,Petrol,973,B,973,0,1,1,0,1,Male,0- $25K,East,0
13212,8/19/2018,1267,Petrol,747,B,747,0,0,1,0,1,Male,0- $25K,East,1
13213,08/06/18,1268,Petrol,1102,B,1102,1,0,0,1,0,Male,0- $25K,East,0
13214,8/15/2018,1269,Petrol,1878,B,1878,0,1,0,1,1,Male,0- $25K,East,0
13215,8/17/2018,1270,Petrol,975,B,975,0,1,0,0,0,Male,0- $25K,East,1
13216,8/19/2018,1271,Petrol,803,B,803,1,1,0,0,1,Male,0- $25K,East,1
13217,8/30/2018,1272,Petrol,2339,B,2339,1,1,0,1,1,Male,0- $25K,East,0
13218,8/17/2018,1273,Petrol,1340,B,1340,1,0,1,0,0,Male,0- $25K,East,1
13219,8/16/2018,1274,Petrol,1539,B,1539,1,1,0,1,1,Male,0- $25K,East,1
13220,8/23/2018,1275,Petrol,1364,B,1364,0,0,0,1,1,Male,0- $25K,East,1
13221,8/26/2018,1276,Petrol,1083,B,1083,1,0,0,0,1,Male,0- $25K,East,1
13222,8/30/2018,1277,Petrol,2380,B,2380,1,0,1,1,0,Male,0- $25K,East,0
13223,8/25/2018,1278,Petrol,2238,B,2238,0,1,0,0,1,Male,0- $25K,East,0
13224,8/30/2018,1279,Petrol,2192,B,2192,0,1,1,1,1,Male,0- $25K,East,0
13225,8/17/2018,1280,Petrol,1302,B,1302,1,1,0,0,0,Male,0- $25K,East,1
13226,08/06/18,1281,Petrol,773,B,773,1,0,0,1,0,Male,0- $25K,East,1
13227,8/28/2018,1282,Petrol,2107,B,2107,0,1,0,1,0,Male,0- $25K,East,0
13228,8/25/2018,1283,Petrol,1212,B,1212,1,0,1,0,1,Male,0- $25K,East,1
13229,8/28/2018,1284,Petrol,1090,B,1090,0,0,1,1,0,Male,0- $25K,East,0
13230,08/11/18,1285,Petrol,1689,B,1689,0,1,1,1,1,Male,0- $25K,East,1
13231,08/11/18,1286,Petrol,1390,B,1390,0,0,1,1,0,Male,0- $25K,East,1
13232,8/17/2018,1287,Petrol,2403,B,2403,1,1,0,0,1,Male,0- $25K,East,1
13233,8/30/2018,1288,Petrol,1525,B,1525,1,0,1,1,0,Male,0- $25K,East,0
13234,08/07/18,1289,Petrol,2268,B,2268,0,1,1,1,1,Male,0- $25K,East,0
13235,8/26/2018,1290,Petrol,1261,B,1261,0,0,0,1,1,Male,0- $25K,East,1
13236,08/02/18,1291,Petrol,1538,B,1538,0,1,1,1,1,Male,0- $25K,East,1
13237,8/17/2018,1292,Petrol,1536,B,1536,1,0,0,1,1,Male,0- $25K,East,1
13238,8/14/2018,1293,Petrol,1704,B,1704,0,1,1,0,0,Male,0- $25K,East,1
13239,8/18/2018,1294,Petrol,2018,B,2018,0,1,1,1,1,Male,0- $25K,East,1
13240,8/21/2018,1295,Petrol,1967,B,1967,0,1,1,0,0,Male,0- $25K,East,0
13241,08/08/18,1296,Petrol,1884,B,1884,1,0,0,1,1,Male,0- $25K,East,1
13242,08/03/18,1297,Petrol,2253,B,2253,1,0,1,0,1,Male,0- $25K,East,0
13243,8/26/2018,1298,Petrol,1969,B,1969,1,0,1,0,1,Male,0- $25K,East,0
13244,08/03/18,1299,Petrol,667,B,667,0,0,0,0,0,Male,0- $25K,East,0
13245,09/03/18,1300,Petrol,1584,B,1584,0,0,0,0,1,Male,0- $25K,East,0
13246,9/14/2018,1301,Petrol,577,B,577,1,0,1,0,1,Male,0- $25K,East,1
13247,9/29/2018,1302,Petrol,2441,B,2441,0,0,1,0,0,Male,0- $25K,East,1
13248,9/20/2018,1303,Petrol,616,B,616,1,0,1,1,1,Male,0- $25K,East,1
13249,09/12/18,1304,Petrol,1801,B,1801,1,1,0,1,0,Male,0- $25K,East,1
13250,9/19/2018,1305,Petrol,1613,B,1613,0,0,1,0,1,Male,0- $25K,East,1
13251,09/01/18,1306,Petrol,1893,B,1893,0,1,0,0,1,Male,0- $25K,East,0
13252,9/18/2018,1307,Petrol,1280,B,1280,0,1,1,1,1,Female,0- $25K,East,0
13253,9/26/2018,1308,Petrol,1698,B,1698,1,1,0,0,0,Female,0- $25K,East,0
13254,9/24/2018,1309,Petrol,578,B,578,0,1,0,0,1,Female,0- $25K,East,0
13255,9/28/2018,1310,Petrol,2085,B,2085,0,0,1,1,0,Female,0- $25K,East,0
13256,09/11/18,1311,Petrol,1258,B,1258,0,0,1,1,0,Female,0- $25K,East,0
13257,09/01/18,1312,Petrol,1150,B,1150,1,1,1,1,0,Female,0- $25K,East,0
13258,9/15/2018,1313,Petrol,762,B,762,1,1,0,1,0,Female,0- $25K,East,0
13259,09/02/18,1314,Petrol,1418,B,1418,0,0,0,0,0,Female,0- $25K,East,1
13260,09/05/18,1315,Petrol,1784,B,1784,1,1,1,1,1,Female,0- $25K,East,0
13261,9/16/2018,1316,Petrol,1278,B,1278,0,1,1,0,1,Female,0- $25K,East,1
13262,09/12/18,1317,Petrol,1312,B,1312,0,1,1,0,1,Female,0- $25K,East,1
13263,9/18/2018,1318,Petrol,1755,B,1755,0,1,1,1,0,Female,0- $25K,East,0
13264,09/12/18,1319,Petrol,954,B,954,1,1,0,0,0,Female,0- $25K,East,0
13265,09/01/18,1320,Petrol,1451,B,1451,0,1,0,1,1,Female,0- $25K,East,1
13266,09/06/18,1321,Petrol,2485,B,2485,1,0,1,1,1,Female,0- $25K,East,1
13267,09/08/18,1322,Petrol,2380,B,2380,0,1,1,0,1,Female,0- $25K,East,1
13268,9/13/2018,1323,Petrol,1573,B,1573,1,1,0,0,1,Female,0- $25K,East,0
13269,09/04/18,1324,Petrol,2220,B,2220,0,0,0,1,1,Female,0- $25K,East,0
13270,09/09/18,1325,Petrol,2070,B,2070,0,1,1,1,0,Female,0- $25K,East,1
13271,9/16/2018,1326,Petrol,1995,B,1995,0,0,1,1,1,Female,0- $25K,East,1
13272,9/29/2018,1327,Petrol,578,B,578,0,0,0,0,1,Female,0- $25K,East,1
13273,9/17/2018,1328,Petrol,1142,B,1142,0,1,0,0,1,Female,0- $25K,East,0
13274,9/27/2018,1329,Petrol,2023,B,2023,1,1,0,1,1,Female,0- $25K,East,1
13275,9/15/2018,1330,Petrol,2391,B,2391,0,1,1,0,0,Female,0- $25K,East,1
13276,09/08/18,1331,Petrol,1337,B,1337,1,1,1,0,0,Female,0- $25K,East,1
13277,9/16/2018,1332,Petrol,2384,B,2384,0,0,0,1,1,Female,0- $25K,East,1
13278,09/09/18,1333,Petrol,1782,B,1782,0,1,0,0,0,Female,0- $25K,East,0
13279,9/30/2018,1334,Petrol,2458,B,2458,0,0,0,1,1,Female,0- $25K,East,1
13280,9/27/2018,1335,Petrol,1680,B,1680,1,0,1,1,0,Female,0- $25K,East,0
13281,09/05/18,1336,Petrol,1528,B,1528,0,0,0,0,0,Female,0- $25K,East,1
13282,9/21/2018,1337,Petrol,2386,B,2386,1,1,1,1,1,Female,0- $25K,East,0
13283,9/23/2018,1338,Petrol,531,B,531,0,0,0,1,0,Female,0- $25K,East,0
13284,9/19/2018,1339,Petrol,2490,B,2490,0,0,1,0,0,Female,0- $25K,East,1
13285,9/22/2018,1340,Petrol,1493,B,1493,1,1,0,1,0,Female,0- $25K,East,1
13286,9/18/2018,1341,Petrol,2195,B,2195,1,1,0,0,1,Female,0- $25K,East,1
13287,9/25/2018,1342,Petrol,1004,B,1004,1,1,0,0,0,Female,0- $25K,East,1
13288,9/21/2018,1343,Petrol,698,B,698,1,0,0,1,0,Female,0- $25K,East,0
13289,09/06/18,1344,Petrol,710,B,710,0,1,0,0,1,Female,0- $25K,East,0
13290,9/20/2018,1345,Petrol,858,B,858,0,1,0,1,0,Female,0- $25K,East,0
13291,09/06/18,1346,Petrol,892,B,892,1,0,0,1,1,Female,0- $25K,East,1
13292,9/24/2018,1347,Petrol,2157,B,2157,1,1,1,1,1,Female,0- $25K,East,0
13293,9/17/2018,1348,Petrol,1227,B,1227,1,1,0,1,0,Female,0- $25K,East,1
13294,09/04/18,1349,Petrol,733,B,733,0,0,0,1,0,Female,0- $25K,East,0
13295,9/29/2018,1350,Petrol,1471,B,1471,1,0,1,0,1,Female,0- $25K,East,0
13296,9/21/2018,1351,Petrol,1546,B,1546,0,1,0,1,1,Female,0- $25K,East,0
13297,09/10/18,1352,Petrol,1391,B,1391,0,0,0,0,0,Female,0- $25K,East,0
13298,09/11/18,1353,Petrol,1971,B,1971,1,0,1,0,1,Female,0- $25K,East,1
13299,9/27/2018,1354,Petrol,1609,B,1609,0,1,1,1,1,Female,0- $25K,East,0
13300,9/26/2018,1355,Petrol,1868,B,1868,1,0,1,1,1,Female,0- $25K,East,0
13301,9/14/2018,1356,Petrol,2057,B,2057,0,0,0,1,1,Female,0- $25K,East,1
13302,09/12/18,1357,Petrol,774,B,774,1,0,0,1,0,Female,0- $25K,East,1
13303,09/11/18,1358,Petrol,1696,B,1696,1,0,0,0,0,Female,0- $25K,East,1
13304,09/05/18,1359,Petrol,1794,B,1794,0,0,0,0,1,Female,0- $25K,East,0
13305,9/16/2018,1360,Petrol,1393,B,1393,1,1,0,1,0,Female,0- $25K,East,1
13306,09/11/18,1361,Petrol,2042,B,2042,0,0,1,1,0,Female,0- $25K,East,1
13307,9/29/2018,1362,Petrol,1497,B,1497,0,0,0,0,1,Female,0- $25K,East,1
13308,9/27/2018,1363,Petrol,2152,B,2152,0,0,0,0,1,Female,0- $25K,East,1
13309,09/01/18,1364,Petrol,643,B,643,1,0,0,1,1,Female,0- $25K,East,0
13310,9/28/2018,1365,Petrol,965,B,965,1,1,0,1,1,Female,0- $25K,East,0
13311,09/07/18,1366,Petrol,1177,B,1177,1,1,1,0,1,Female,0- $25K,East,1
13312,9/13/2018,1367,Petrol,856,B,856,0,1,0,0,0,Female,0- $25K,East,1
13313,09/12/18,1368,Petrol,2473,B,2473,0,1,1,0,1,Female,0- $25K,East,1
13314,9/30/2018,1369,Petrol,1112,B,1112,0,0,0,1,1,Female,0- $25K,East,1
13315,9/18/2018,1370,Petrol,1104,B,1104,0,1,0,1,1,Female,0- $25K,East,0
13316,09/04/18,1371,Petrol,765,B,765,0,0,1,1,1,Female,0- $25K,East,1
13317,9/25/2018,1372,Petrol,2173,B,2173,1,1,1,1,0,Female,0- $25K,East,0
13318,9/14/2018,1373,Petrol,1897,B,1897,1,0,1,1,0,Female,0- $25K,East,1
13319,9/20/2018,1374,Petrol,1402,B,1402,0,1,1,0,1,Female,0- $25K,East,0
13320,09/06/18,1375,Petrol,1088,B,1088,0,1,0,1,1,Female,0- $25K,East,1
13321,09/07/18,1376,Petrol,1890,B,1890,0,1,0,0,1,Female,0- $25K,East,1
13322,09/06/18,1377,Petrol,526,B,526,0,0,1,1,0,Female,0- $25K,East,1
13323,09/06/18,1378,Petrol,553,B,553,1,1,1,0,1,Female,0- $25K,East,1
13324,9/14/2018,1379,Petrol,1612,B,1612,0,0,0,1,1,Female,0- $25K,East,1
13325,09/01/18,1380,Petrol,1892,B,1892,1,1,0,0,0,Female,0- $25K,East,1
13326,09/07/18,1381,Petrol,1680,B,1680,0,0,1,0,0,Female,0- $25K,East,1
13327,09/06/18,1382,Petrol,999,B,999,0,1,0,1,1,Female,0- $25K,East,0
13328,09/09/18,1383,Petrol,690,B,690,0,0,0,0,0,Female,0- $25K,East,0
13329,09/05/18,1384,Petrol,1015,B,1015,1,0,0,1,0,Female,0- $25K,East,0
13330,09/04/18,1385,Petrol,2080,B,2080,1,0,0,1,1,Female,0- $25K,East,1
13331,9/16/2018,1386,Petrol,1009,B,1009,1,1,0,1,0,Female,0- $25K,East,1
13332,9/15/2018,1387,Petrol,1616,B,1616,1,0,0,1,1,Female,0- $25K,East,0
13333,9/19/2018,1388,Petrol,630,B,630,1,0,1,0,0,Female,0- $25K,East,1
13334,9/16/2018,1389,Petrol,840,B,840,1,0,1,0,1,Female,0- $25K,East,0
13335,9/14/2018,1390,Petrol,2201,B,2201,1,0,1,1,0,Female,0- $25K,East,0
13336,09/10/18,1391,Petrol,2354,B,2354,0,1,1,1,1,Female,0- $25K,East,0
13337,09/02/18,1392,Petrol,1008,B,1008,0,1,0,1,0,Female,0- $25K,East,1
13338,09/12/18,1393,Petrol,1715,B,1715,1,1,0,1,1,Female,0- $25K,East,0
13339,9/27/2018,1394,Petrol,1496,B,1496,1,0,0,1,1,Female,0- $25K,East,0
13340,09/03/18,1395,Petrol,2314,B,2314,0,1,0,0,0,Female,0- $25K,East,1
13341,9/29/2018,1396,Petrol,758,B,758,1,0,1,0,0,Female,0- $25K,East,0
13342,09/01/18,1397,Petrol,1427,B,1427,1,0,1,0,0,Female,0- $25K,East,0
13343,9/22/2018,1398,Petrol,1101,B,1101,0,0,1,1,1,Female,0- $25K,East,0
13344,09/06/18,1399,Petrol,843,B,843,1,0,0,1,1,Female,0- $25K,East,1
13345,9/24/2018,1400,Petrol,1977,B,1977,0,0,1,1,1,Female,0- $25K,East,1
13346,9/21/2018,1401,Petrol,1569,B,1569,1,0,1,1,0,Female,0- $25K,East,0
13347,9/15/2018,1402,Petrol,1533,B,1533,1,1,0,0,0,Female,0- $25K,East,0
13348,9/23/2018,1403,Petrol,1147,B,1147,1,1,1,1,1,Female,0- $25K,East,0
13349,09/04/18,1404,Petrol,1413,B,1413,1,0,1,1,0,Female,0- $25K,East,0
13350,09/05/18,1405,Petrol,1362,B,1362,0,0,1,0,0,Female,0- $25K,East,1
13351,9/24/2018,1406,Petrol,1900,B,1900,0,0,0,0,0,Female,0- $25K,East,1
13352,09/04/18,1407,Petrol,1791,B,1791,0,1,0,0,0,Female,0- $25K,East,0
13353,9/14/2018,1408,Petrol,1593,B,1593,1,0,0,1,1,Female,0- $25K,East,1
13354,09/02/18,1409,Petrol,2115,B,2115,0,1,1,1,1,Female,0- $25K,East,0
13355,09/06/18,1410,Petrol,693,B,693,1,1,1,1,0,Female,0- $25K,East,1
13356,09/01/18,1411,Petrol,1939,B,1939,0,0,1,0,1,Female,0- $25K,East,1
13357,9/23/2018,1412,Petrol,1191,B,1191,0,0,1,1,0,Female,0- $25K,East,0
13358,09/06/18,1413,Petrol,2272,B,2272,1,1,0,0,1,Female,0- $25K,East,1
13359,9/18/2018,1414,Petrol,2134,B,2134,0,0,1,0,0,Female,0- $25K,East,1
13360,9/20/2018,1415,Petrol,1357,B,1357,1,1,0,0,1,Female,0- $25K,East,0
13361,9/13/2018,1416,Petrol,1067,C,1067,1,0,1,1,0,Female,0- $25K,East,0
13362,9/25/2018,1417,Petrol,1636,C,1636,1,0,0,0,0,Female,0- $25K,East,0
13363,9/27/2018,1418,Petrol,1986,C,1986,1,1,1,0,0,Female,0- $25K,East,0
13364,9/16/2018,1419,Petrol,969,C,969,0,0,0,0,0,Female,0- $25K,East,1
13365,9/30/2018,1420,Petrol,789,C,789,0,1,1,0,0,Female,0- $25K,East,0
13366,9/26/2018,1421,Petrol,1116,C,1116,1,0,1,1,0,Female,0- $25K,East,0
13367,9/25/2018,1422,Petrol,1195,C,1195,0,1,1,1,0,Female,0- $25K,East,0
13368,9/28/2018,1423,Petrol,1180,C,1180,0,1,1,0,0,Female,0- $25K,East,1
13369,9/22/2018,1424,Petrol,696,C,696,1,0,0,0,1,Female,0- $25K,East,1
13370,09/10/18,1425,Petrol,1105,C,1105,1,1,1,0,1,Female,0- $25K,East,1
13371,10/16/2018,1426,Petrol,1007,C,1007,0,1,0,0,1,Female,0- $25K,East,1
13372,10/29/2018,1427,Petrol,585,C,585,1,0,0,0,1,Female,0- $25K,East,0
13373,10/30/2018,1428,Petrol,1384,C,1384,1,0,0,1,0,Female,0- $25K,East,0
13374,10/30/2018,1429,Petrol,519,C,519,1,0,0,1,1,Female,0- $25K,East,0
13375,10/11/18,1430,Petrol,1013,C,1013,1,0,0,0,1,Female,0- $25K,East,1
13376,10/05/18,1431,Petrol,695,C,695,0,1,1,1,0,Female,0- $25K,East,1
13377,10/28/2018,1432,Petrol,1184,C,1184,0,0,0,1,1,Female,0- $25K,East,1
13378,10/30/2018,1433,Petrol,673,C,673,1,0,0,1,0,Female,0- $25K,West,1
13379,10/16/2018,1434,Petrol,2097,C,2097,0,0,0,0,1,Female,0- $25K,West,1
13380,10/20/2018,1435,Petrol,2105,C,2105,0,0,0,0,1,Female,0- $25K,West,1
13381,10/01/18,1436,Petrol,555,C,555,1,0,1,1,0,Female,0- $25K,West,1
13382,10/16/2018,1437,Petrol,558,C,558,1,1,1,0,1,Female,0- $25K,West,0
13383,10/23/2018,1438,Petrol,640,C,640,1,1,0,0,1,Female,0- $25K,West,0
13384,10/20/2018,1439,Petrol,2012,C,2012,0,0,0,1,0,Female,0- $25K,West,0
13385,10/16/2018,1440,Petrol,914,C,914,0,1,1,0,1,Female,0- $25K,West,0
13386,10/08/18,1441,Petrol,1479,C,1479,1,1,1,0,0,Female,0- $25K,West,1
13387,10/30/2018,1442,Petrol,2122,C,2122,0,0,0,1,0,Female,0- $25K,West,1
13388,10/16/2018,1443,Petrol,948,C,948,1,1,0,1,1,Female,0- $25K,West,1
13389,10/26/2018,1444,Petrol,2371,C,2371,1,0,1,1,0,Female,0- $25K,West,1
13390,10/06/18,1445,Petrol,542,C,542,1,0,1,1,0,Female,0- $25K,West,0
13391,10/03/18,1446,Petrol,2145,C,2145,1,0,1,0,0,Female,0- $25K,West,1
13392,10/06/18,1447,Petrol,1675,C,1675,1,1,0,0,1,Female,0- $25K,West,1
13393,10/23/2018,1448,Petrol,825,C,825,1,1,0,0,0,Female,0- $25K,West,0
13394,10/24/2018,1449,Petrol,2018,C,2018,1,1,0,0,0,Female,0- $25K,West,1
13395,10/12/18,1450,Petrol,1352,C,1352,0,1,0,1,1,Female,0- $25K,West,0
13396,10/21/2018,1451,Diesel,1433,C,1433,1,1,1,0,0,Female,0- $25K,West,0
13397,10/03/18,1452,Diesel,1866,C,1866,1,1,1,1,0,Female,0- $25K,West,1
13398,10/24/2018,1453,Diesel,1772,C,1772,0,0,1,0,0,Female,0- $25K,West,0
13399,10/29/2018,1454,Diesel,1428,C,1428,0,1,1,1,1,Female,0- $25K,West,0
13400,10/16/2018,1455,Diesel,1773,C,1773,0,0,1,0,1,Female,0- $25K,West,1
13401,10/30/2018,1456,Diesel,1951,C,1951,0,0,0,0,0,Female,0- $25K,West,0
13402,10/10/18,1457,Diesel,670,C,670,0,0,1,0,0,Female,0- $25K,West,1
13403,10/29/2018,1458,Diesel,965,C,965,1,1,0,0,0,Female,0- $25K,West,0
13404,10/29/2018,1459,Diesel,1780,C,1780,0,1,0,1,0,Female,0- $25K,West,0
13405,10/12/18,1460,Diesel,782,C,782,0,0,0,0,1,Female,0- $25K,West,1
13406,10/10/18,1461,Diesel,2200,C,2200,1,1,0,0,1,Female,0- $25K,West,1
13407,10/24/2018,1462,Diesel,2424,C,2424,1,1,1,0,0,Female,0- $25K,West,0
13408,10/02/18,1463,Diesel,2104,C,2104,1,0,0,1,1,Female,0- $25K,West,1
13409,10/07/18,1464,Diesel,852,C,852,1,1,1,1,0,Female,0- $25K,West,1
13410,10/26/2018,1465,Diesel,2126,C,2126,0,1,1,0,1,Female,0- $25K,West,0
13411,10/06/18,1466,Diesel,2396,C,2396,1,1,0,1,0,Female,0- $25K,West,1
13412,10/16/2018,1467,Diesel,1658,C,1658,1,0,1,1,1,Female,0- $25K,West,0
13413,10/04/18,1468,Diesel,2264,C,2264,1,0,1,1,1,Female,0- $25K,West,0
13414,10/19/2018,1469,Diesel,2393,C,2393,1,1,1,0,0,Female,0- $25K,West,1
13415,10/19/2018,1470,Diesel,586,C,586,1,1,1,1,1,Female,0- $25K,West,1
13416,10/20/2018,1471,Diesel,874,C,874,1,0,1,0,0,Female,0- $25K,West,1
13417,10/05/18,1472,Diesel,944,C,944,1,1,1,1,0,Female,0- $25K,West,1
13418,10/01/18,1473,Diesel,1279,C,1279,1,1,0,0,1,Female,0- $25K,West,0
13419,10/01/18,1474,Diesel,2074,C,2074,0,0,1,1,0,Female,0- $25K,West,1
13420,10/27/2018,1475,Diesel,1706,C,1706,0,1,1,1,0,Female,0- $25K,West,1
13421,10/22/2018,1476,Diesel,1179,C,1179,0,0,1,0,0,Female,0- $25K,West,0
13422,10/04/18,1477,Diesel,1571,C,1571,1,1,0,1,1,Female,0- $25K,West,1
13423,10/10/18,1478,Diesel,1465,C,1465,1,1,1,1,1,Female,0- $25K,West,0
13424,10/06/18,1479,Diesel,1557,C,1557,0,1,1,1,1,Female,0- $25K,West,1
13425,10/02/18,1480,Diesel,832,C,832,1,0,1,1,0,Female,0- $25K,West,1
13426,10/04/18,1481,Diesel,1146,C,1146,0,0,0,0,1,Female,0- $25K,West,0
13427,10/16/2018,1482,Diesel,1577,C,1577,1,0,0,1,0,Female,0- $25K,West,0
13428,10/30/2018,1483,Diesel,2356,C,2356,1,1,1,1,0,Female,0- $25K,West,1
13429,10/29/2018,1484,Diesel,1437,C,1437,0,0,0,1,0,Female,0- $25K,West,1
13430,10/24/2018,1485,Diesel,2436,C,2436,1,1,1,1,0,Female,0- $25K,West,0
13431,10/24/2018,1486,Diesel,1427,C,1427,0,1,0,1,0,Female,0- $25K,West,1
13432,10/11/18,1487,Diesel,1949,C,1949,0,0,1,1,1,Female,0- $25K,West,0
13433,10/01/18,1488,Diesel,1875,C,1875,1,0,0,0,0,Female,0- $25K,West,0
13434,10/06/18,1489,Diesel,2167,C,2167,1,1,1,1,0,Female,0- $25K,West,1
13435,10/22/2018,1490,Diesel,1170,C,1170,1,0,1,0,0,Female,0- $25K,West,0
13436,10/12/18,1491,Diesel,684,C,684,1,1,0,1,0,Female,0- $25K,West,0
13437,10/26/2018,1492,Diesel,2148,C,2148,0,1,0,1,0,Female,0- $25K,West,0
13438,10/22/2018,1493,Diesel,635,C,635,1,1,0,1,1,Female,0- $25K,West,0
13439,10/18/2018,1494,Diesel,925,C,925,1,0,1,1,0,Female,0- $25K,West,0
13440,10/27/2018,1495,Diesel,709,C,709,1,1,0,1,1,Female,0- $25K,West,1
13441,10/26/2018,1496,Diesel,2075,C,2075,0,0,1,1,0,Female,0- $25K,West,0
13442,10/30/2018,1497,Diesel,602,C,602,1,1,1,1,0,Female,0- $25K,West,0
13443,10/21/2018,1498,Diesel,2130,C,2130,1,0,0,0,1,Female,0- $25K,West,1
13444,10/17/2018,1499,Diesel,1959,C,1959,1,1,1,0,0,Female,0- $25K,West,0
13445,10/23/2018,1500,Diesel,780,C,780,0,1,1,0,0,Female,0- $25K,West,1
13446,10/30/2018,1501,Diesel,2126,C,2126,0,1,1,1,0,Female,0- $25K,West,1
13447,10/04/18,1502,Diesel,1768,C,1768,1,0,0,0,1,Female,0- $25K,West,1
13448,10/10/18,1503,Diesel,1637,C,1637,0,0,0,1,1,Female,0- $25K,West,1
13449,10/28/2018,1504,Diesel,1889,C,1889,0,1,0,1,1,Female,0- $25K,West,0
13450,10/11/18,1505,Diesel,2146,C,2146,1,0,1,1,1,Female,0- $25K,West,0
13451,10/03/18,1506,Diesel,1355,C,1355,1,0,0,1,0,Female,0- $25K,West,0
13452,10/15/2018,1507,Diesel,1082,C,1082,0,1,0,1,1,Female,0- $25K,West,0
13453,10/29/2018,1508,Diesel,2394,C,2394,0,1,1,1,0,Female,0- $25K,West,1
13454,10/17/2018,1509,Diesel,926,C,926,1,1,1,1,1,Female,0- $25K,West,0
13455,10/24/2018,1510,Diesel,892,C,892,0,1,1,0,1,Female,0- $25K,West,1
13456,10/02/18,1511,Diesel,994,C,994,0,0,1,1,0,Female,0- $25K,West,0
13457,10/02/18,1512,Diesel,2260,C,2260,0,1,1,0,0,Female,0- $25K,West,1
13458,10/08/18,1513,Diesel,1149,C,1149,1,1,0,1,1,Female,0- $25K,West,0
13459,10/03/18,1514,Diesel,2283,C,2283,1,0,1,0,0,Female,0- $25K,West,1
13460,10/16/2018,1515,Diesel,1663,C,1663,0,1,1,0,1,Female,0- $25K,West,1
13461,10/24/2018,1516,Diesel,2197,C,2197,1,1,1,0,1,Female,0- $25K,West,1
13462,10/05/18,1517,Diesel,1669,C,1669,0,0,1,0,1,Female,0- $25K,West,0
13463,10/25/2018,1518,Diesel,1547,C,1547,0,0,0,1,0,Female,0- $25K,West,1
13464,10/12/18,1519,Diesel,899,C,899,0,0,1,0,0,Female,0- $25K,West,0
13465,10/18/2018,1520,Diesel,2439,C,2439,0,1,1,0,1,Female,0- $25K,West,1
13466,11/07/18,1521,Diesel,1867,C,1867,0,1,0,0,1,Female,0- $25K,West,0
13467,11/03/18,1522,Diesel,898,C,898,1,1,1,0,0,Female,0- $25K,West,0
13468,11/10/18,1523,Diesel,962,C,962,1,1,0,1,0,Female,0- $25K,West,1
13469,11/18/2018,1524,Diesel,1875,C,1875,1,1,0,1,0,Female,0- $25K,West,1
13470,11/28/2018,1525,Diesel,1157,C,1157,0,0,1,1,0,Female,0- $25K,West,1
13471,11/01/18,1526,Diesel,2376,C,2376,0,1,0,0,1,Female,0- $25K,West,0
13472,11/22/2018,1527,Diesel,1523,C,1523,1,0,1,1,0,Female,0- $25K,West,1
13473,11/17/2018,1528,Diesel,1850,C,1850,1,0,0,1,0,Female,0- $25K,West,1
13474,11/24/2018,1529,Diesel,1828,C,1828,1,1,0,1,1,Female,0- $25K,West,1
13475,11/02/18,1530,Diesel,1140,C,1140,0,0,0,1,0,Female,0- $25K,West,0
13476,11/14/2018,1531,Diesel,1208,C,1208,1,0,1,1,0,Female,0- $25K,West,0
13477,11/30/2018,1532,Diesel,1716,C,1716,0,0,1,1,0,Female,0- $25K,West,1
13478,11/21/2018,1533,Diesel,731,C,731,0,1,0,0,1,Female,0- $25K,West,0
13479,11/16/2018,1534,Diesel,1128,C,1128,1,1,0,0,1,Female,0- $25K,West,0
13480,11/27/2018,1535,Diesel,1541,C,1541,1,0,0,0,1,Female,0- $25K,West,0
13481,11/02/18,1536,Diesel,2498,C,2498,0,1,0,1,0,Female,0- $25K,West,0
13482,11/13/2018,1537,Diesel,2125,C,2125,0,0,1,1,1,Female,0- $25K,West,1
13483,11/27/2018,1538,Diesel,2130,C,2130,0,0,1,1,0,Female,0- $25K,West,1
13484,11/19/2018,1539,Diesel,863,C,863,1,1,0,1,1,Female,0- $25K,West,0
13485,11/13/2018,1540,Diesel,1635,C,1635,1,1,1,0,0,Female,0- $25K,West,0
13486,11/20/2018,1541,Diesel,1403,C,1403,1,0,0,0,0,Female,0- $25K,West,0
13487,11/23/2018,1542,Diesel,2470,C,2470,0,1,1,1,1,Female,0- $25K,West,0
13488,11/15/2018,1543,Diesel,822,C,822,1,1,1,0,1,Female,0- $25K,West,1
13489,11/03/18,1544,Diesel,2054,C,2054,0,1,1,0,1,Female,0- $25K,West,1
13490,11/24/2018,1545,Diesel,2322,C,2322,0,1,0,0,0,Female,0- $25K,West,1
13491,11/29/2018,1546,Diesel,950,C,950,1,1,1,1,1,Female,0- $25K,West,0
13492,11/06/18,1547,Diesel,2026,C,2026,0,1,0,0,1,Female,0- $25K,West,1
13493,11/26/2018,1548,Diesel,2000,C,2000,0,1,1,0,1,Female,0- $25K,West,0
13494,11/23/2018,1549,Diesel,935,C,935,0,0,1,1,0,Female,0- $25K,West,1
13495,11/21/2018,1550,Diesel,1506,C,1506,0,1,1,1,1,Female,0- $25K,West,0
13496,11/04/18,1551,Diesel,520,C,520,0,1,0,0,1,Female,0- $25K,West,1
13497,11/12/18,1552,Diesel,759,C,759,1,0,0,0,1,Female,0- $25K,West,0
13498,11/18/2018,1553,Diesel,2338,C,2338,0,1,1,1,0,Female,0- $25K,West,1
13499,11/13/2018,1554,Diesel,1957,C,1957,1,1,1,0,0,Female,0- $25K,West,1
13500,11/04/18,1555,Diesel,2201,C,2201,1,1,0,1,1,Female,0- $25K,West,1
13501,11/16/2018,1556,Diesel,1021,C,1021,1,0,1,1,1,Female,0- $25K,West,0
13502,11/06/18,1557,Diesel,1738,C,1738,0,0,0,1,0,Female,0- $25K,West,1
13503,11/23/2018,1558,Diesel,629,C,629,1,1,0,0,1,Female,0- $25K,West,0
13504,11/03/18,1559,Diesel,714,C,714,1,1,1,0,0,Female,0- $25K,West,0
13505,11/22/2018,1560,Diesel,1461,C,1461,0,0,0,1,0,Female,0- $25K,West,0
13506,11/26/2018,1561,Diesel,2477,C,2477,1,1,1,0,1,Female,0- $25K,West,1
13507,11/06/18,1562,Diesel,1275,C,1275,1,0,1,0,0,Female,0- $25K,West,1
13508,11/15/2018,1563,Diesel,1937,C,1937,1,1,1,0,0,Female,0- $25K,West,1
13509,11/22/2018,1564,Diesel,1961,C,1961,0,0,0,1,0,Female,0- $25K,West,0
13510,11/01/18,1565,Diesel,2482,C,2482,1,0,1,1,0,Female,0- $25K,West,1
13511,11/03/18,1566,Diesel,2128,C,2128,1,0,1,0,1,Female,0- $25K,West,0
13512,11/01/18,1567,Diesel,1981,C,1981,0,1,0,1,0,Female,0- $25K,West,0
13513,11/10/18,1568,Diesel,1564,C,1564,1,0,0,1,1,Female,0- $25K,West,0
13514,11/04/18,1569,Diesel,2380,C,2380,1,0,1,0,1,Female,0- $25K,West,0
13515,11/13/2018,1570,Diesel,867,C,867,1,1,1,1,0,Female,0- $25K,West,1
13516,11/27/2018,1571,Diesel,698,C,698,0,1,0,0,1,Female,0- $25K,West,0
13517,11/08/18,1572,Diesel,1548,C,1548,0,1,1,0,0,Female,0- $25K,West,1
13518,11/10/18,1573,Diesel,2083,C,2083,0,1,0,0,1,Female,0- $25K,West,1
13519,11/25/2018,1574,Diesel,757,C,757,1,1,0,0,0,Female,0- $25K,West,1
13520,11/08/18,1575,Diesel,754,C,754,1,1,1,0,1,Female,0- $25K,West,0
13521,11/03/18,1576,Diesel,2449,C,2449,0,1,0,0,1,Female,0- $25K,West,1
13522,11/29/2018,1577,Diesel,600,C,600,0,1,0,1,0,Female,0- $25K,West,0
13523,11/29/2018,1578,Diesel,974,C,974,0,1,0,0,0,Female,0- $25K,West,0
13524,11/29/2018,1579,Diesel,1370,C,1370,1,1,1,0,0,Female,0- $25K,West,0
13525,11/06/18,1580,Diesel,1348,C,1348,1,0,1,0,0,Female,0- $25K,West,0
13526,11/11/18,1581,Diesel,834,C,834,1,1,1,0,0,Female,0- $25K,West,0
13527,11/03/18,1582,Diesel,2464,C,2464,0,0,1,0,1,Female,0- $25K,West,1
13528,11/01/18,1583,Diesel,546,C,546,1,0,1,0,0,Female,0- $25K,West,0
13529,11/24/2018,1584,Diesel,676,C,676,1,0,0,1,1,Female,0- $25K,West,0
13530,11/02/18,1585,Diesel,1487,C,1487,1,0,0,1,0,Female,0- $25K,West,0
13531,11/01/18,1586,Diesel,2296,C,2296,0,0,0,0,1,Female,0- $25K,West,0
13532,11/19/2018,1587,Diesel,2365,C,2365,0,0,1,0,0,Female,0- $25K,West,1
13533,11/10/18,1588,Diesel,831,C,831,0,1,0,0,1,Female,0- $25K,West,1
13534,11/12/18,1589,Diesel,2295,C,2295,1,0,1,1,0,Female,0- $25K,West,1
13535,11/02/18,1590,Diesel,1709,C,1709,1,1,1,1,0,Female,0- $25K,West,1
13536,11/18/2018,1591,Diesel,2464,C,2464,1,0,1,1,1,Female,0- $25K,West,1
13537,11/21/2018,1592,Diesel,1827,C,1827,1,0,1,1,1,Female,0- $25K,West,0
13538,11/06/18,1593,Diesel,1284,C,1284,1,1,0,0,0,Female,0- $25K,West,1
13539,11/03/18,1594,Diesel,1936,C,1936,1,0,1,0,0,Female,0- $25K,West,0
13540,11/20/2018,1595,Diesel,1331,C,1331,1,0,0,1,0,Female,0- $25K,West,0
13541,11/04/18,1596,Diesel,2221,C,2221,0,0,0,0,1,Female,0- $25K,West,1
13542,11/02/18,1597,Diesel,1034,C,1034,0,1,0,0,1,Female,0- $25K,West,1
13543,11/08/18,1598,Diesel,637,C,637,0,0,1,1,0,Female,0- $25K,West,0
13544,11/10/18,1599,Diesel,1579,C,1579,1,0,1,1,1,Female,0- $25K,West,1